aircraft_id,flight_number,departure_airport,arrival_airport,scheduled_departure,actual_departure,scheduled_arrival,actual_arrival,flight_duration,altitude,speed,heading,fuel_consumption,passenger_count,cargo_weight,weather_conditions,maintenance_status,incident_reported,sensor_data
8270,AA3976,SEA,MIA,2023-07-24 11:45:00,2023-08-06 10:23:00,2023-06-13 16:43:00,2023-08-02 13:51:00,151,29576,549.3751432271645,286,4105.789785998899,137,40642.5910614121,Clear,Grounded,False,"{'engine_temperature': {'unit': 'Celsius', 'value': 939.3851408906856}, 'cabin_pressure': {'unit': 'Pascal', 'value': 84514.29810361832}, 'vibration_level': {'unit': 'G-force', 'value': 1.494819293965951}, 'fuel_level': {'unit': 'Gallons/Liters', 'value': 5423.445611492098}}"
1860,DL3385,DEN,ATL,2023-05-26 15:17:00,2023-09-03 17:54:00,2023-08-23 16:08:00,2023-04-08 11:48:00,80,13178,543.0981814198549,4,3624.647350724286,217,41537.893730131946,Windy,Scheduled Maintenance,False,"{'engine_temperature': {'unit': 'Celsius', 'value': 1096.2287463583643}, 'cabin_pressure': {'unit': 'Pascal', 'value': 80695.39779567104}, 'vibration_level': {'unit': 'G-force', 'value': 0.7595417831760903}, 'fuel_level': {'unit': 'Gallons/Liters', 'value': 4873.991771331242}}"
6390,AA2802,SEA,CLT,2023-07-23 21:20:00,2023-10-20 06:56:00,2023-11-23 01:36:00,2023-02-07 08:57:00,143,32436,504.2468264970669,265,1709.7150778788275,87,36599.39613903981,Snowy,Unscheduled Maintenance,False,"{'engine_temperature': {'unit': 'Celsius', 'value': 1018.7121870757571}, 'cabin_pressure': {'unit': 'Pascal', 'value': 75730.81562027015}, 'vibration_level': {'unit': 'G-force', 'value': 1.1223432646172462}, 'fuel_level': {'unit': 'Gallons/Liters', 'value': 5962.355673524589}}"
6191,AA7616,DFW,ORD,2023-10-07 10:55:00,2023-03-22 01:55:00,2023-10-19 01:15:00,2023-10-03 20:37:00,321,29118,564.4786837634116,344,3180.1076755877534,237,20411.47430264012,Snowy,Unscheduled Maintenance,False,"{'engine_temperature': {'unit': 'Celsius', 'value': 938.0215299567456}, 'cabin_pressure': {'unit': 'Pascal', 'value': 82925.95116288384}, 'vibration_level': {'unit': 'G-force', 'value': 1.4078987937796192}, 'fuel_level': {'unit': 'Gallons/Liters', 'value': 5887.403185640442}}"
6734,UA6534,SEA,MIA,2023-10-25 01:29:00,2023-08-27 08:28:00,2023-01-19 02:39:00,2023-08-03 02:34:00,206,16116,486.1724183076067,129,4938.678958098033,108,46287.80122823319,Clear,Scheduled Maintenance,False,"{'engine_temperature': {'unit': 'Celsius', 'value': 1092.0271208810896}, 'cabin_pressure': {'unit': 'Pascal', 'value': 80214.59638721473}, 'vibration_level': {'unit': 'G-force', 'value': 1.4773079079915037}, 'fuel_level': {'unit': 'Gallons/Liters', 'value': 5514.6204142688775}}"
7265,UA1262,CLT,LAX,2023-12-27 07:03:00,2023-08-22 06:15:00,2023-09-11 16:03:00,2023-05-03 07:55:00,316,25563,579.3428579680244,266,4749.5522659884755,187,36829.29247623336,Icing,Grounded,False,"{'engine_temperature': {'unit': 'Celsius', 'value': 932.3342872473924}, 'cabin_pressure': {'unit': 'Pascal', 'value': 79769.0010646797}, 'vibration_level': {'unit': 'G-force', 'value': 1.218331175372004}, 'fuel_level': {'unit': 'Gallons/Liters', 'value': 4494.680631638166}}"
1466,UA9815,ATL,ATL,2023-09-14 03:14:00,2023-07-03 03:26:00,2023-05-02 19:10:00,2023-01-28 01:56:00,117,36788,414.2560540110328,177,1172.6949431880466,148,32417.6252392176,Turbulence,Scheduled Maintenance,False,"{'engine_temperature': {'unit': 'Celsius', 'value': 1028.1230367097774}, 'cabin_pressure': {'unit': 'Pascal', 'value': 81666.00479046619}, 'vibration_level': {'unit': 'G-force', 'value': 0.6626997438085659}, 'fuel_level': {'unit': 'Gallons/Liters', 'value': 5130.170624905512}}"
5426,AA3049,CLT,DEN,2023-11-16 05:12:00,2023-08-05 14:38:00,2023-04-26 15:20:00,2023-08-13 10:31:00,74,36928,590.9320060066615,252,1659.2592629177484,241,14439.578768539242,Cloudy,Unscheduled Maintenance,False,"{'engine_temperature': {'unit': 'Celsius', 'value': 1054.3253821957214}, 'cabin_pressure': {'unit': 'Pascal', 'value': 79988.95664535942}, 'vibration_level': {'unit': 'G-force', 'value': 0.5121031167761074}, 'fuel_level': {'unit': 'Gallons/Liters', 'value': 4018.076938158584}}"
6578,AA6423,SEA,LAX,2023-04-23 03:08:00,2023-05-29 01:02:00,2023-06-17 16:31:00,2023-01-06 16:24:00,221,13568,530.9386162862696,55,1526.9150938182477,112,27882.221752257017,Icing,Operational,False,"{'engine_temperature': {'unit': 'Celsius', 'value': 971.4058687940025}, 'cabin_pressure': {'unit': 'Pascal', 'value': 84261.94068431781}, 'vibration_level': {'unit': 'G-force', 'value': 0.7286767796036088}, 'fuel_level': {'unit': 'Gallons/Liters', 'value': 5268.727377743375}}"
9322,UA5548,CLT,SEA,2023-12-15 09:33:00,2023-05-02 05:24:00,2023-12-23 05:22:00,2023-10-23 01:25:00,222,19847,476.0149017874411,82,3903.919639941182,98,28414.33084807705,Snowy,Scheduled Maintenance,False,"{'engine_temperature': {'unit': 'Celsius', 'value': 944.4151741386642}, 'cabin_pressure': {'unit': 'Pascal', 'value': 78216.69989659548}, 'vibration_level': {'unit': 'G-force', 'value': 1.348042089601484}, 'fuel_level': {'unit': 'Gallons/Liters', 'value': 5457.722884539894}}"
2685,AA8158,LAX,SEA,2023-04-13 20:42:00,2023-05-06 17:49:00,2023-02-14 03:14:00,2023-09-22 04:02:00,340,36155,439.4308253145755,98,4271.14131942778,241,44582.5443809068,Foggy,Grounded,False,"{'engine_temperature': {'unit': 'Celsius', 'value': 919.0798554626422}, 'cabin_pressure': {'unit': 'Pascal', 'value': 79287.02020986433}, 'vibration_level': {'unit': 'G-force', 'value': 0.5291697636452645}, 'fuel_level': {'unit': 'Gallons/Liters', 'value': 4961.780293206018}}"
1769,AA8400,DFW,JFK,2023-05-14 10:41:00,2023-12-13 01:17:00,2023-02-25 15:07:00,2023-05-06 14:14:00,339,24135,495.83664588872,148,1854.0454652426877,81,31865.92880751154,Turbulence,Unscheduled Maintenance,False,"{'engine_temperature': {'unit': 'Celsius', 'value': 1032.4868023402137}, 'cabin_pressure': {'unit': 'Pascal', 'value': 76185.02623598151}, 'vibration_level': {'unit': 'G-force', 'value': 0.7888849389091657}, 'fuel_level': {'unit': 'Gallons/Liters', 'value': 4795.673251004314}}"
7949,DL3255,MIA,ORD,2023-08-21 14:52:00,2023-03-13 16:33:00,2023-09-28 16:25:00,2023-02-01 08:51:00,71,28587,438.9116646370602,328,3023.410771807316,184,25216.021958816385,Snowy,Unscheduled Maintenance,False,"{'engine_temperature': {'unit': 'Celsius', 'value': 1083.90620493121}, 'cabin_pressure': {'unit': 'Pascal', 'value': 84932.55015422964}, 'vibration_level': {'unit': 'G-force', 'value': 0.5449112989956159}, 'fuel_level': {'unit': 'Gallons/Liters', 'value': 5522.015846990784}}"
3433,DL5499,ATL,CLT,2023-08-12 19:15:00,2023-06-07 04:00:00,2023-08-10 17:08:00,2023-05-17 20:00:00,333,27774,433.2663215486284,155,4362.8121120447995,70,49072.013140426374,Foggy,Unscheduled Maintenance,False,"{'engine_temperature': {'unit': 'Celsius', 'value': 974.3448132804687}, 'cabin_pressure': {'unit': 'Pascal', 'value': 78924.5818622948}, 'vibration_level': {'unit': 'G-force', 'value': 1.2542649733470226}, 'fuel_level': {'unit': 'Gallons/Liters', 'value': 5836.852864290817}}"
6311,UA2648,DEN,MIA,2023-07-03 14:32:00,2023-01-20 17:40:00,2023-03-12 21:03:00,2023-07-27 09:49:00,330,11742,523.4703514825949,189,3931.2061790650023,69,14428.823733052628,Icing,Unscheduled Maintenance,False,"{'engine_temperature': {'unit': 'Celsius', 'value': 1090.1857189005098}, 'cabin_pressure': {'unit': 'Pascal', 'value': 80771.2258603832}, 'vibration_level': {'unit': 'G-force', 'value': 0.8571211593005028}, 'fuel_level': {'unit': 'Gallons/Liters', 'value': 5575.098171717558}}"
6051,UA5199,JFK,DFW,2023-08-09 12:35:00,2023-09-15 02:39:00,2023-01-18 15:22:00,2023-08-29 00:43:00,267,28309,504.61694491635694,262,3168.948821967393,203,26901.937132477786,Clear,Grounded,False,"{'engine_temperature': {'unit': 'Celsius', 'value': 950.20027665246}, 'cabin_pressure': {'unit': 'Pascal', 'value': 80640.74028833518}, 'vibration_level': {'unit': 'G-force', 'value': 0.8585784615248732}, 'fuel_level': {'unit': 'Gallons/Liters', 'value': 5313.262147415752}}"
7420,UA3557,MIA,DEN,2023-10-02 17:49:00,2023-06-18 03:57:00,2023-05-15 00:26:00,2023-02-16 01:12:00,86,10619,534.0192069221883,79,3361.390761835092,176,11680.987006856212,Clear,Operational,False,"{'engine_temperature': {'unit': 'Celsius', 'value': 948.0797825787014}, 'cabin_pressure': {'unit': 'Pascal', 'value': 76915.92945734826}, 'vibration_level': {'unit': 'G-force', 'value': 1.418239086675437}, 'fuel_level': {'unit': 'Gallons/Liters', 'value': 4203.607365899074}}"
2184,AA1098,JFK,ATL,2023-10-07 12:50:00,2023-11-17 02:03:00,2023-06-15 18:54:00,2023-12-05 06:03:00,131,27658,585.9211754843978,251,3033.44218766512,117,39596.16483067721,Turbulence,Unscheduled Maintenance,True,"{'engine_temperature': {'unit': 'Celsius', 'value': 1001.1915815469863}, 'cabin_pressure': {'unit': 'Pascal', 'value': 77208.5278296301}, 'vibration_level': {'unit': 'G-force', 'value': 0.5389299633256674}, 'fuel_level': {'unit': 'Gallons/Liters', 'value': 4072.037636582853}}"
5555,AA3961,DFW,CLT,2023-07-12 00:48:00,2023-03-26 03:51:00,2023-04-15 18:40:00,2023-04-05 13:10:00,119,27340,506.45204266780803,96,2190.193805275282,159,46723.06208796603,Snowy,Scheduled Maintenance,False,"{'engine_temperature': {'unit': 'Celsius', 'value': 935.0443544211655}, 'cabin_pressure': {'unit': 'Pascal', 'value': 83667.70354506001}, 'vibration_level': {'unit': 'G-force', 'value': 0.7824787439770267}, 'fuel_level': {'unit': 'Gallons/Liters', 'value': 5900.918341150591}}"
4385,UA5433,ATL,LAX,2023-03-18 02:35:00,2023-09-26 14:20:00,2023-08-10 18:23:00,2023-07-17 23:09:00,204,11939,516.1864106525595,259,3260.0879714360644,165,21201.493182019578,Rainy,Operational,True,"{'engine_temperature': {'unit': 'Celsius', 'value': 1016.3244585978387}, 'cabin_pressure': {'unit': 'Pascal', 'value': 79366.14189768766}, 'vibration_level': {'unit': 'G-force', 'value': 1.0800888346694546}, 'fuel_level': {'unit': 'Gallons/Liters', 'value': 5033.396770452536}}"
7396,UA3869,ORD,SEA,2023-01-24 04:12:00,2023-02-07 19:20:00,2023-01-24 13:31:00,2023-02-11 15:22:00,152,30337,417.92526783098845,259,3755.5412082003627,192,44333.66707196483,Foggy,Unscheduled Maintenance,False,"{'engine_temperature': {'unit': 'Celsius', 'value': 1051.7552507514652}, 'cabin_pressure': {'unit': 'Pascal', 'value': 77824.96065972852}, 'vibration_level': {'unit': 'G-force', 'value': 0.8530503916003024}, 'fuel_level': {'unit': 'Gallons/Liters', 'value': 5788.188605066502}}"
9666,DL1956,DEN,DEN,2023-03-14 11:28:00,2023-06-06 03:08:00,2023-09-11 11:22:00,2023-02-22 03:49:00,67,36957,543.5271571817259,102,4493.291663443231,169,21688.72921847591,Cloudy,Operational,False,"{'engine_temperature': {'unit': 'Celsius', 'value': 1089.2913026300812}, 'cabin_pressure': {'unit': 'Pascal', 'value': 83925.58227486475}, 'vibration_level': {'unit': 'G-force', 'value': 0.9194479939573136}, 'fuel_level': {'unit': 'Gallons/Liters', 'value': 5560.731006013763}}"
3558,AA9352,LAX,DFW,2023-05-28 04:07:00,2023-10-16 04:24:00,2023-05-06 07:54:00,2023-01-08 00:10:00,138,26001,479.9810413608312,39,3545.1654159169925,128,46430.80646575661,Snowy,Scheduled Maintenance,False,"{'engine_temperature': {'unit': 'Celsius', 'value': 995.2671466602197}, 'cabin_pressure': {'unit': 'Pascal', 'value': 79975.39852146103}, 'vibration_level': {'unit': 'G-force', 'value': 0.704680109057284}, 'fuel_level': {'unit': 'Gallons/Liters', 'value': 5182.260606517033}}"
8849,AA5493,ORD,MIA,2023-11-26 17:56:00,2023-10-15 23:40:00,2023-10-21 15:21:00,2023-04-20 12:32:00,86,10968,595.3450477325158,272,4044.486148172632,165,40158.47614387136,Cloudy,Unscheduled Maintenance,False,"{'engine_temperature': {'unit': 'Celsius', 'value': 937.2271795506696}, 'cabin_pressure': {'unit': 'Pascal', 'value': 78315.64699067194}, 'vibration_level': {'unit': 'G-force', 'value': 1.3550302016199351}, 'fuel_level': {'unit': 'Gallons/Liters', 'value': 4414.151618421711}}"
3047,AA5911,DFW,JFK,2023-03-19 05:09:00,2023-11-11 05:35:00,2023-04-25 17:51:00,2023-05-12 16:30:00,233,24846,564.634803119132,100,1640.286539818292,141,42196.27107365755,Snowy,Scheduled Maintenance,True,"{'engine_temperature': {'unit': 'Celsius', 'value': 914.2316570346866}, 'cabin_pressure': {'unit': 'Pascal', 'value': 75690.07592612816}, 'vibration_level': {'unit': 'G-force', 'value': 1.440784520503108}, 'fuel_level': {'unit': 'Gallons/Liters', 'value': 5013.840875923669}}"
3747,DL2218,MIA,DFW,2023-12-04 00:07:00,2023-12-29 22:03:00,2023-12-03 08:44:00,2023-10-01 10:58:00,109,35892,504.4962081032237,358,2846.22989767916,63,10720.26222401818,Rainy,Grounded,False,"{'engine_temperature': {'unit': 'Celsius', 'value': 981.8824143634037}, 'cabin_pressure': {'unit': 'Pascal', 'value': 83108.78581007918}, 'vibration_level': {'unit': 'G-force', 'value': 1.335825927910516}, 'fuel_level': {'unit': 'Gallons/Liters', 'value': 4664.382066231209}}"
1189,AA5735,LAX,DEN,2023-07-19 21:43:00,2023-08-30 17:42:00,2023-11-09 03:33:00,2023-09-10 15:14:00,258,35619,424.6445308344332,307,1037.326479308373,204,48512.414282961035,Rainy,Unscheduled Maintenance,False,"{'engine_temperature': {'unit': 'Celsius', 'value': 1038.723611494759}, 'cabin_pressure': {'unit': 'Pascal', 'value': 82711.22815851886}, 'vibration_level': {'unit': 'G-force', 'value': 1.1546506868659545}, 'fuel_level': {'unit': 'Gallons/Liters', 'value': 4303.190149600199}}"
3734,AA5555,CLT,DFW,2023-05-15 15:48:00,2023-03-05 15:40:00,2023-09-29 15:04:00,2023-04-07 12:02:00,240,10281,571.8831586561179,220,1986.7154580864922,174,39066.83968281293,Turbulence,Unscheduled Maintenance,False,"{'engine_temperature': {'unit': 'Celsius', 'value': 1075.1766167034114}, 'cabin_pressure': {'unit': 'Pascal', 'value': 80390.94552736009}, 'vibration_level': {'unit': 'G-force', 'value': 0.7824724263700037}, 'fuel_level': {'unit': 'Gallons/Liters', 'value': 4850.456370875388}}"
4005,DL9050,SEA,DEN,2023-12-02 21:08:00,2023-06-12 21:10:00,2023-05-24 00:27:00,2023-01-20 23:22:00,83,37420,559.9562190848044,307,3905.8468604520194,217,22190.043815445333,Turbulence,Unscheduled Maintenance,False,"{'engine_temperature': {'unit': 'Celsius', 'value': 907.5142180797815}, 'cabin_pressure': {'unit': 'Pascal', 'value': 76278.66801222418}, 'vibration_level': {'unit': 'G-force', 'value': 1.2655467505158609}, 'fuel_level': {'unit': 'Gallons/Liters', 'value': 4000.0232695107325}}"
5658,UA4446,LAX,DEN,2023-06-09 17:20:00,2023-06-01 22:11:00,2023-05-13 14:38:00,2023-08-21 03:40:00,105,25360,436.9170259074066,123,4967.239805397454,107,43175.78659435388,Rainy,Unscheduled Maintenance,False,"{'engine_temperature': {'unit': 'Celsius', 'value': 983.3131656964584}, 'cabin_pressure': {'unit': 'Pascal', 'value': 80225.10181085588}, 'vibration_level': {'unit': 'G-force', 'value': 0.5546344200009723}, 'fuel_level': {'unit': 'Gallons/Liters', 'value': 5946.156325944666}}"
2899,UA7893,DFW,SFO,2023-02-11 09:57:00,2023-02-19 07:52:00,2023-01-10 16:47:00,2023-04-05 21:02:00,74,16262,459.055657844062,230,1396.7123983488636,77,21260.847936597198,Windy,Grounded,False,"{'engine_temperature': {'unit': 'Celsius', 'value': 945.2250662499343}, 'cabin_pressure': {'unit': 'Pascal', 'value': 78041.98719636281}, 'vibration_level': {'unit': 'G-force', 'value': 0.8039425122550273}, 'fuel_level': {'unit': 'Gallons/Liters', 'value': 4460.8333242347}}"
8734,UA4436,SFO,ATL,2023-09-23 08:24:00,2023-07-15 05:22:00,2023-02-09 17:43:00,2023-07-03 08:14:00,212,11058,558.6814516295674,177,2605.977263445153,75,44910.153582645115,Rainy,Unscheduled Maintenance,False,"{'engine_temperature': {'unit': 'Celsius', 'value': 900.2947644172623}, 'cabin_pressure': {'unit': 'Pascal', 'value': 82293.44794087997}, 'vibration_level': {'unit': 'G-force', 'value': 1.4668454997992852}, 'fuel_level': {'unit': 'Gallons/Liters', 'value': 4448.58696657009}}"
2267,DL6895,SEA,SEA,2023-11-11 18:15:00,2023-04-26 02:26:00,2023-04-11 08:23:00,2023-03-09 05:37:00,281,30677,437.04568930948193,62,4200.283874796638,162,14503.21561647748,Clear,Operational,False,"{'engine_temperature': {'unit': 'Celsius', 'value': 1032.6094383606844}, 'cabin_pressure': {'unit': 'Pascal', 'value': 82418.96326958716}, 'vibration_level': {'unit': 'G-force', 'value': 1.3484253790905247}, 'fuel_level': {'unit': 'Gallons/Liters', 'value': 4845.258394027218}}"
2528,DL1225,JFK,SFO,2023-01-29 02:19:00,2023-05-29 03:35:00,2023-11-25 02:40:00,2023-05-26 05:08:00,265,20724,583.5504978342755,115,1816.1425385155953,240,38147.43909843183,Clear,Unscheduled Maintenance,False,"{'engine_temperature': {'unit': 'Celsius', 'value': 960.5861811280859}, 'cabin_pressure': {'unit': 'Pascal', 'value': 78252.95134023031}, 'vibration_level': {'unit': 'G-force', 'value': 1.2126213330985127}, 'fuel_level': {'unit': 'Gallons/Liters', 'value': 5633.5589330112725}}"
4556,AA5893,DEN,MIA,2023-08-03 00:54:00,2023-05-01 06:45:00,2023-12-05 12:08:00,2023-02-28 21:08:00,332,38404,484.9054850392724,190,3220.3397972091448,115,31627.939065796414,Windy,Grounded,False,"{'engine_temperature': {'unit': 'Celsius', 'value': 936.3227935513205}, 'cabin_pressure': {'unit': 'Pascal', 'value': 78709.41008157765}, 'vibration_level': {'unit': 'G-force', 'value': 1.40194019674915}, 'fuel_level': {'unit': 'Gallons/Liters', 'value': 5613.387039389479}}"
4890,AA8022,JFK,SFO,2023-01-04 16:27:00,2023-06-15 22:59:00,2023-02-09 07:04:00,2023-03-13 05:53:00,295,15178,417.40779251753173,61,3932.2851841186994,202,13861.378807817633,Icing,Unscheduled Maintenance,False,"{'engine_temperature': {'unit': 'Celsius', 'value': 1096.9716805524952}, 'cabin_pressure': {'unit': 'Pascal', 'value': 82542.4825968208}, 'vibration_level': {'unit': 'G-force', 'value': 0.8931952010279223}, 'fuel_level': {'unit': 'Gallons/Liters', 'value': 5181.2756679892755}}"
9838,AA8996,LAX,ORD,2023-04-13 12:15:00,2023-01-21 01:14:00,2023-07-14 22:43:00,2023-01-05 15:59:00,287,16980,563.1497287008561,255,3463.941801040716,180,19675.753130353558,Foggy,Operational,False,"{'engine_temperature': {'unit': 'Celsius', 'value': 1032.202850849464}, 'cabin_pressure': {'unit': 'Pascal', 'value': 75784.55816317124}, 'vibration_level': {'unit': 'G-force', 'value': 1.044496959103865}, 'fuel_level': {'unit': 'Gallons/Liters', 'value': 5418.641656945219}}"
6393,DL8683,JFK,ORD,2023-12-18 13:31:00,2023-12-07 05:35:00,2023-10-14 05:07:00,2023-06-27 12:41:00,68,39856,474.7019366076775,6,1752.0989384616646,249,10496.161451092592,Icing,Grounded,False,"{'engine_temperature': {'unit': 'Celsius', 'value': 933.4642608002121}, 'cabin_pressure': {'unit': 'Pascal', 'value': 82806.31717425557}, 'vibration_level': {'unit': 'G-force', 'value': 1.0837727805141117}, 'fuel_level': {'unit': 'Gallons/Liters', 'value': 5904.44357139519}}"
9792,DL8679,DFW,SEA,2023-05-03 00:42:00,2023-08-19 21:53:00,2023-03-27 23:47:00,2023-07-11 15:07:00,225,19200,505.2998388307562,154,2421.5382747429576,93,28750.718618580235,Cloudy,Grounded,False,"{'engine_temperature': {'unit': 'Celsius', 'value': 908.4844596413783}, 'cabin_pressure': {'unit': 'Pascal', 'value': 77653.26137555466}, 'vibration_level': {'unit': 'G-force', 'value': 1.101553879299824}, 'fuel_level': {'unit': 'Gallons/Liters', 'value': 4593.119824411861}}"
9433,AA8339,CLT,DFW,2023-10-25 04:34:00,2023-06-01 17:36:00,2023-05-06 06:20:00,2023-10-17 05:34:00,273,11229,422.46086888224386,91,4135.167137941589,146,22050.610430400015,Icing,Operational,False,"{'engine_temperature': {'unit': 'Celsius', 'value': 1042.8848328142485}, 'cabin_pressure': {'unit': 'Pascal', 'value': 82590.0528252193}, 'vibration_level': {'unit': 'G-force', 'value': 0.6025159640664745}, 'fuel_level': {'unit': 'Gallons/Liters', 'value': 5027.708928413535}}"
8513,UA2069,MIA,ATL,2023-11-22 02:24:00,2023-12-30 11:29:00,2023-09-22 13:42:00,2023-12-19 23:02:00,176,35611,400.5168029689965,13,3216.9060565280665,91,33934.299371910354,Snowy,Operational,False,"{'engine_temperature': {'unit': 'Celsius', 'value': 1001.7781111182112}, 'cabin_pressure': {'unit': 'Pascal', 'value': 78692.8077021554}, 'vibration_level': {'unit': 'G-force', 'value': 1.432924862569672}, 'fuel_level': {'unit': 'Gallons/Liters', 'value': 5655.012639746443}}"
3612,AA2060,DEN,SEA,2023-08-19 06:13:00,2023-05-08 20:10:00,2023-06-21 07:38:00,2023-12-06 11:57:00,131,30969,527.5970411586595,228,1020.918454171651,55,21889.51230834469,Icing,Operational,False,"{'engine_temperature': {'unit': 'Celsius', 'value': 1039.4418763819274}, 'cabin_pressure': {'unit': 'Pascal', 'value': 82143.26635734997}, 'vibration_level': {'unit': 'G-force', 'value': 0.9617161438131191}, 'fuel_level': {'unit': 'Gallons/Liters', 'value': 5841.989042193152}}"
8041,AA1301,JFK,DEN,2023-04-18 07:50:00,2023-06-25 15:27:00,2023-10-25 17:59:00,2023-05-28 02:15:00,123,18467,503.03503406674633,85,4043.9630401123754,216,21996.764460279388,Snowy,Operational,False,"{'engine_temperature': {'unit': 'Celsius', 'value': 1038.9190854506571}, 'cabin_pressure': {'unit': 'Pascal', 'value': 82289.81061655817}, 'vibration_level': {'unit': 'G-force', 'value': 1.3616909037873453}, 'fuel_level': {'unit': 'Gallons/Liters', 'value': 4548.143178684382}}"
7235,AA1606,JFK,LAX,2023-09-25 03:38:00,2023-02-03 02:14:00,2023-06-17 23:46:00,2023-01-05 15:52:00,264,29124,518.7077138246294,132,1141.2454197609563,229,39727.72794926414,Windy,Operational,False,"{'engine_temperature': {'unit': 'Celsius', 'value': 1061.4141807733406}, 'cabin_pressure': {'unit': 'Pascal', 'value': 76952.40602956493}, 'vibration_level': {'unit': 'G-force', 'value': 0.8453419522448878}, 'fuel_level': {'unit': 'Gallons/Liters', 'value': 4671.220908539685}}"
6486,DL1699,LAX,ATL,2023-09-01 04:44:00,2023-07-24 10:28:00,2023-08-12 15:59:00,2023-07-20 00:55:00,268,12289,558.7487700761033,182,3982.9351309249287,72,11925.713439134139,Clear,Grounded,False,"{'engine_temperature': {'unit': 'Celsius', 'value': 1095.705093677828}, 'cabin_pressure': {'unit': 'Pascal', 'value': 83565.37223747927}, 'vibration_level': {'unit': 'G-force', 'value': 1.2011698615902597}, 'fuel_level': {'unit': 'Gallons/Liters', 'value': 5454.113523230781}}"
8099,AA1190,MIA,ATL,2023-01-22 23:26:00,2023-01-04 17:42:00,2023-11-27 02:39:00,2023-01-23 13:40:00,131,11239,529.321182684572,61,1809.9222406609497,138,46115.79980767949,Turbulence,Grounded,True,"{'engine_temperature': {'unit': 'Celsius', 'value': 1012.4145588805143}, 'cabin_pressure': {'unit': 'Pascal', 'value': 84470.90667108519}, 'vibration_level': {'unit': 'G-force', 'value': 0.9962587528823615}, 'fuel_level': {'unit': 'Gallons/Liters', 'value': 4761.035419739789}}"
1775,AA1980,ORD,DEN,2023-11-02 11:59:00,2023-12-19 05:28:00,2023-04-19 15:49:00,2023-11-18 15:21:00,336,15370,434.9546885654754,218,4832.293920477521,172,44090.55497564726,Snowy,Unscheduled Maintenance,False,"{'engine_temperature': {'unit': 'Celsius', 'value': 932.6070673863182}, 'cabin_pressure': {'unit': 'Pascal', 'value': 82862.05652261058}, 'vibration_level': {'unit': 'G-force', 'value': 1.2344439320755916}, 'fuel_level': {'unit': 'Gallons/Liters', 'value': 4768.71007704827}}"
9226,DL2184,JFK,DEN,2023-07-25 22:57:00,2023-11-22 06:47:00,2023-02-18 12:44:00,2023-01-14 02:38:00,333,26170,472.15450382212,245,2471.7630052083377,227,36712.187329056265,Clear,Unscheduled Maintenance,False,"{'engine_temperature': {'unit': 'Celsius', 'value': 905.0386827918459}, 'cabin_pressure': {'unit': 'Pascal', 'value': 83389.9732771801}, 'vibration_level': {'unit': 'G-force', 'value': 0.5114179834540736}, 'fuel_level': {'unit': 'Gallons/Liters', 'value': 5407.399559258101}}"
4152,DL9319,DFW,JFK,2023-10-15 23:27:00,2023-08-09 04:12:00,2023-12-06 09:41:00,2023-08-06 03:47:00,154,10125,581.1782209575521,229,2307.726465352316,220,33728.86280429537,Foggy,Scheduled Maintenance,False,"{'engine_temperature': {'unit': 'Celsius', 'value': 1094.0514219452114}, 'cabin_pressure': {'unit': 'Pascal', 'value': 79376.61328148203}, 'vibration_level': {'unit': 'G-force', 'value': 0.7349734049959528}, 'fuel_level': {'unit': 'Gallons/Liters', 'value': 5409.742020086764}}"
2585,UA2816,SFO,SEA,2023-02-23 22:44:00,2023-12-05 06:58:00,2023-07-15 17:35:00,2023-02-20 00:44:00,225,38641,553.9889400503358,78,1595.5522013297787,196,45692.09992558609,Cloudy,Unscheduled Maintenance,False,"{'engine_temperature': {'unit': 'Celsius', 'value': 1063.4256284031171}, 'cabin_pressure': {'unit': 'Pascal', 'value': 80464.30316077848}, 'vibration_level': {'unit': 'G-force', 'value': 1.4670352752561462}, 'fuel_level': {'unit': 'Gallons/Liters', 'value': 4103.337443315922}}"
4943,UA6854,DEN,DEN,2023-05-10 01:08:00,2023-01-02 08:26:00,2023-06-25 14:02:00,2023-07-21 18:49:00,91,22504,511.3274115873435,148,2222.4168619608595,246,17413.207181148577,Foggy,Unscheduled Maintenance,False,"{'engine_temperature': {'unit': 'Celsius', 'value': 1000.9591196609056}, 'cabin_pressure': {'unit': 'Pascal', 'value': 82184.53947322551}, 'vibration_level': {'unit': 'G-force', 'value': 1.362640471149179}, 'fuel_level': {'unit': 'Gallons/Liters', 'value': 4358.51122381558}}"
8555,UA1569,JFK,ORD,2023-08-25 18:02:00,2023-12-28 16:52:00,2023-10-27 02:17:00,2023-10-19 09:39:00,70,33857,451.12899956185447,137,4506.603047312802,100,13158.766487633144,Windy,Operational,False,"{'engine_temperature': {'unit': 'Celsius', 'value': 1060.0006963527362}, 'cabin_pressure': {'unit': 'Pascal', 'value': 80527.07075718546}, 'vibration_level': {'unit': 'G-force', 'value': 0.8965536819899632}, 'fuel_level': {'unit': 'Gallons/Liters', 'value': 4263.430057158187}}"
4073,DL2895,DFW,MIA,2023-06-09 05:34:00,2023-04-22 23:33:00,2023-10-28 15:29:00,2023-11-02 06:41:00,276,38444,460.412100366959,313,4985.337350508989,60,19580.406796381525,Icing,Operational,False,"{'engine_temperature': {'unit': 'Celsius', 'value': 1073.0591517817825}, 'cabin_pressure': {'unit': 'Pascal', 'value': 76572.73208179715}, 'vibration_level': {'unit': 'G-force', 'value': 0.8097878592090992}, 'fuel_level': {'unit': 'Gallons/Liters', 'value': 4580.091063924874}}"
2021,UA4863,DFW,LAX,2023-08-01 11:39:00,2023-04-17 02:55:00,2023-05-22 23:45:00,2023-08-23 10:53:00,348,35784,546.3916135171269,64,2473.2381220273933,61,41783.13114800761,Icing,Unscheduled Maintenance,False,"{'engine_temperature': {'unit': 'Celsius', 'value': 1074.282806838171}, 'cabin_pressure': {'unit': 'Pascal', 'value': 81727.02994208898}, 'vibration_level': {'unit': 'G-force', 'value': 1.2966813971913722}, 'fuel_level': {'unit': 'Gallons/Liters', 'value': 4500.935797584998}}"
4843,UA8455,DEN,SEA,2023-06-05 09:45:00,2023-07-05 00:21:00,2023-04-16 03:36:00,2023-06-10 15:53:00,161,25398,570.2348521705542,12,2794.4425238181702,123,11386.810669059332,Rainy,Scheduled Maintenance,False,"{'engine_temperature': {'unit': 'Celsius', 'value': 1024.9748199213998}, 'cabin_pressure': {'unit': 'Pascal', 'value': 80717.45983143749}, 'vibration_level': {'unit': 'G-force', 'value': 1.3328303767882712}, 'fuel_level': {'unit': 'Gallons/Liters', 'value': 5812.174120962522}}"
8989,DL2686,ORD,CLT,2023-08-07 08:08:00,2023-11-29 04:20:00,2023-05-19 17:00:00,2023-09-12 09:52:00,326,31726,534.2849339061229,212,3888.283752810948,57,33312.27340333958,Rainy,Operational,False,"{'engine_temperature': {'unit': 'Celsius', 'value': 902.4313542954774}, 'cabin_pressure': {'unit': 'Pascal', 'value': 81740.19919058793}, 'vibration_level': {'unit': 'G-force', 'value': 0.551835799119729}, 'fuel_level': {'unit': 'Gallons/Liters', 'value': 5097.717330154712}}"
7873,UA8806,DFW,ORD,2023-12-10 06:31:00,2023-06-23 19:19:00,2023-12-20 01:00:00,2023-03-11 18:10:00,273,33735,561.9059951536883,241,4544.783121860299,201,49817.5006476524,Rainy,Unscheduled Maintenance,False,"{'engine_temperature': {'unit': 'Celsius', 'value': 957.5265458087356}, 'cabin_pressure': {'unit': 'Pascal', 'value': 78067.76599522142}, 'vibration_level': {'unit': 'G-force', 'value': 0.8529585034523566}, 'fuel_level': {'unit': 'Gallons/Liters', 'value': 5242.5848980992205}}"
6675,DL2409,SFO,DFW,2023-02-26 05:01:00,2023-05-18 11:35:00,2023-01-22 07:34:00,2023-06-30 10:44:00,238,16638,553.3312270400812,212,3372.1773367471365,90,44227.84375350158,Foggy,Unscheduled Maintenance,True,"{'engine_temperature': {'unit': 'Celsius', 'value': 966.8099931337538}, 'cabin_pressure': {'unit': 'Pascal', 'value': 82326.99050590281}, 'vibration_level': {'unit': 'G-force', 'value': 0.9045273855738697}, 'fuel_level': {'unit': 'Gallons/Liters', 'value': 4136.706400619917}}"
1161,UA1784,DFW,DEN,2023-10-19 01:05:00,2023-04-23 21:51:00,2023-12-22 12:03:00,2023-10-08 03:11:00,147,16570,429.9407935913915,180,2566.1027927113173,213,30857.82756174358,Snowy,Grounded,False,"{'engine_temperature': {'unit': 'Celsius', 'value': 1056.7519684968215}, 'cabin_pressure': {'unit': 'Pascal', 'value': 77857.58324592706}, 'vibration_level': {'unit': 'G-force', 'value': 0.9327668795992626}, 'fuel_level': {'unit': 'Gallons/Liters', 'value': 5370.887766443803}}"
5297,AA8560,DFW,CLT,2023-03-21 08:54:00,2023-01-12 17:55:00,2023-03-24 13:15:00,2023-01-28 09:24:00,100,13249,484.7889625826604,337,2650.487363394495,134,12545.636371465695,Cloudy,Scheduled Maintenance,False,"{'engine_temperature': {'unit': 'Celsius', 'value': 966.4912314297424}, 'cabin_pressure': {'unit': 'Pascal', 'value': 75565.85656146715}, 'vibration_level': {'unit': 'G-force', 'value': 0.8739210470128136}, 'fuel_level': {'unit': 'Gallons/Liters', 'value': 5888.897165388607}}"
1995,DL8343,DFW,DEN,2023-12-21 06:51:00,2023-11-06 09:45:00,2023-09-26 16:38:00,2023-02-18 09:12:00,135,19110,430.5967601657125,172,3782.4725859872274,121,43254.940575428394,Rainy,Grounded,False,"{'engine_temperature': {'unit': 'Celsius', 'value': 1028.3468794597115}, 'cabin_pressure': {'unit': 'Pascal', 'value': 81714.79148667207}, 'vibration_level': {'unit': 'G-force', 'value': 1.13228215363764}, 'fuel_level': {'unit': 'Gallons/Liters', 'value': 4397.984277918874}}"
8629,DL6596,CLT,ATL,2023-11-20 02:10:00,2023-01-29 00:23:00,2023-11-07 19:32:00,2023-04-20 10:53:00,105,17595,447.047116960397,159,1012.8730544171148,104,33959.14032708842,Windy,Scheduled Maintenance,False,"{'engine_temperature': {'unit': 'Celsius', 'value': 983.666772820456}, 'cabin_pressure': {'unit': 'Pascal', 'value': 82509.39798363319}, 'vibration_level': {'unit': 'G-force', 'value': 0.6013728975531591}, 'fuel_level': {'unit': 'Gallons/Liters', 'value': 4555.705552179425}}"
2016,UA3806,CLT,ORD,2023-01-12 12:49:00,2023-05-07 23:33:00,2023-06-23 00:43:00,2023-06-04 00:06:00,219,23605,573.8519249302105,163,3478.3573498393625,186,14597.319882382673,Windy,Operational,False,"{'engine_temperature': {'unit': 'Celsius', 'value': 955.2638216931707}, 'cabin_pressure': {'unit': 'Pascal', 'value': 79320.18927594506}, 'vibration_level': {'unit': 'G-force', 'value': 1.480368740942185}, 'fuel_level': {'unit': 'Gallons/Liters', 'value': 4135.005093367644}}"
8869,UA6986,ORD,ATL,2023-10-28 04:45:00,2023-11-05 09:38:00,2023-02-14 07:27:00,2023-12-06 14:34:00,139,22115,494.57839312663646,187,2421.97204176543,96,13754.291392934249,Rainy,Scheduled Maintenance,False,"{'engine_temperature': {'unit': 'Celsius', 'value': 1003.740198876119}, 'cabin_pressure': {'unit': 'Pascal', 'value': 76793.6468201221}, 'vibration_level': {'unit': 'G-force', 'value': 1.4706765454097441}, 'fuel_level': {'unit': 'Gallons/Liters', 'value': 4226.607009454929}}"
7439,UA9716,JFK,JFK,2023-08-13 07:01:00,2023-10-21 10:51:00,2023-08-14 20:08:00,2023-02-24 05:12:00,145,16294,507.0716203685322,190,4176.789325108337,192,46385.0727774637,Icing,Unscheduled Maintenance,False,"{'engine_temperature': {'unit': 'Celsius', 'value': 980.7202004723183}, 'cabin_pressure': {'unit': 'Pascal', 'value': 82378.84984834606}, 'vibration_level': {'unit': 'G-force', 'value': 1.2045544280274454}, 'fuel_level': {'unit': 'Gallons/Liters', 'value': 4845.457273787864}}"
8892,UA3950,DFW,ATL,2023-12-30 20:27:00,2023-01-31 16:58:00,2023-06-07 08:17:00,2023-01-06 07:18:00,151,32911,435.6891930455544,307,1371.9625592925286,225,36768.01051752314,Rainy,Unscheduled Maintenance,False,"{'engine_temperature': {'unit': 'Celsius', 'value': 969.3048335905437}, 'cabin_pressure': {'unit': 'Pascal', 'value': 78976.1237855287}, 'vibration_level': {'unit': 'G-force', 'value': 0.7642762631586393}, 'fuel_level': {'unit': 'Gallons/Liters', 'value': 4410.665877413599}}"
7863,AA5780,MIA,JFK,2023-11-04 05:21:00,2023-08-21 09:58:00,2023-09-03 16:06:00,2023-07-26 07:16:00,207,15757,462.4543572097592,255,3352.809067793562,153,43171.471972670224,Cloudy,Scheduled Maintenance,False,"{'engine_temperature': {'unit': 'Celsius', 'value': 996.607939511778}, 'cabin_pressure': {'unit': 'Pascal', 'value': 77685.33756067607}, 'vibration_level': {'unit': 'G-force', 'value': 0.7874616648972501}, 'fuel_level': {'unit': 'Gallons/Liters', 'value': 5313.512126949114}}"
8916,AA7655,JFK,JFK,2023-03-14 02:54:00,2023-12-30 00:49:00,2023-11-19 12:42:00,2023-09-18 09:09:00,220,22595,446.049233685574,182,2923.891559544495,91,45159.156011290695,Rainy,Scheduled Maintenance,False,"{'engine_temperature': {'unit': 'Celsius', 'value': 1093.7074663399785}, 'cabin_pressure': {'unit': 'Pascal', 'value': 81036.37200559374}, 'vibration_level': {'unit': 'G-force', 'value': 0.5769794670649663}, 'fuel_level': {'unit': 'Gallons/Liters', 'value': 4151.167227708134}}"
9529,UA5495,ORD,CLT,2023-08-30 17:44:00,2023-12-05 13:21:00,2023-03-24 18:52:00,2023-10-20 11:44:00,261,11969,441.23723290368525,116,3569.3021036209097,109,32870.894081932885,Cloudy,Scheduled Maintenance,False,"{'engine_temperature': {'unit': 'Celsius', 'value': 1090.284644169113}, 'cabin_pressure': {'unit': 'Pascal', 'value': 77972.90790307334}, 'vibration_level': {'unit': 'G-force', 'value': 0.5920669860824754}, 'fuel_level': {'unit': 'Gallons/Liters', 'value': 5198.089174300763}}"
1878,UA7002,ATL,DEN,2023-05-11 16:42:00,2023-05-29 06:44:00,2023-11-14 23:54:00,2023-02-23 11:31:00,301,20985,527.592158663194,281,1259.4143779318733,247,30697.85407020165,Windy,Grounded,False,"{'engine_temperature': {'unit': 'Celsius', 'value': 1024.7297556580531}, 'cabin_pressure': {'unit': 'Pascal', 'value': 81485.04820118689}, 'vibration_level': {'unit': 'G-force', 'value': 0.7674020278575413}, 'fuel_level': {'unit': 'Gallons/Liters', 'value': 4030.22136842895}}"
5887,DL6919,JFK,DFW,2023-02-08 22:38:00,2023-09-20 08:10:00,2023-06-21 04:21:00,2023-08-03 12:02:00,61,27275,451.37676952914296,195,3319.9351497125253,61,27217.096412839608,Rainy,Scheduled Maintenance,False,"{'engine_temperature': {'unit': 'Celsius', 'value': 1093.0030738908945}, 'cabin_pressure': {'unit': 'Pascal', 'value': 77508.93045691102}, 'vibration_level': {'unit': 'G-force', 'value': 1.1760262880525474}, 'fuel_level': {'unit': 'Gallons/Liters', 'value': 5413.259739757419}}"
5859,DL1853,JFK,ATL,2023-12-04 07:37:00,2023-03-22 08:55:00,2023-02-17 21:14:00,2023-04-18 07:44:00,284,14470,526.4030972040837,33,3245.938351838095,179,22677.86351164477,Foggy,Operational,False,"{'engine_temperature': {'unit': 'Celsius', 'value': 1022.0014834158972}, 'cabin_pressure': {'unit': 'Pascal', 'value': 78129.07394213649}, 'vibration_level': {'unit': 'G-force', 'value': 0.7710962537640658}, 'fuel_level': {'unit': 'Gallons/Liters', 'value': 5195.336565405406}}"
7331,DL4769,SEA,ORD,2023-05-31 01:41:00,2023-03-14 05:00:00,2023-02-19 23:25:00,2023-01-21 00:37:00,348,33559,411.6909228217108,51,3242.640377664684,56,27383.838434348472,Turbulence,Grounded,False,"{'engine_temperature': {'unit': 'Celsius', 'value': 1073.2191267223384}, 'cabin_pressure': {'unit': 'Pascal', 'value': 84467.33728923395}, 'vibration_level': {'unit': 'G-force', 'value': 0.6059058044037576}, 'fuel_level': {'unit': 'Gallons/Liters', 'value': 4309.657225195439}}"
9571,DL2148,LAX,JFK,2023-12-17 20:46:00,2023-06-13 20:37:00,2023-05-25 17:24:00,2023-01-23 12:47:00,292,20225,428.3548787054204,111,3413.950666385819,129,40955.18622920626,Foggy,Grounded,False,"{'engine_temperature': {'unit': 'Celsius', 'value': 1088.947251756616}, 'cabin_pressure': {'unit': 'Pascal', 'value': 82365.35228334792}, 'vibration_level': {'unit': 'G-force', 'value': 1.382993824829773}, 'fuel_level': {'unit': 'Gallons/Liters', 'value': 4405.265268270687}}"
9684,UA7457,SEA,DEN,2023-05-03 10:54:00,2023-09-07 08:36:00,2023-10-24 14:05:00,2023-08-01 08:12:00,136,19556,454.9080508000251,251,3705.871748905449,180,34076.937240605264,Windy,Scheduled Maintenance,False,"{'engine_temperature': {'unit': 'Celsius', 'value': 1017.5171742218804}, 'cabin_pressure': {'unit': 'Pascal', 'value': 82011.39594417474}, 'vibration_level': {'unit': 'G-force', 'value': 1.1801118854469728}, 'fuel_level': {'unit': 'Gallons/Liters', 'value': 4816.303381733396}}"
8208,UA8509,SFO,LAX,2023-07-26 06:45:00,2023-06-08 05:52:00,2023-10-08 14:03:00,2023-03-12 18:45:00,175,34704,519.4093833791384,81,4219.955998723079,158,45700.93159819384,Cloudy,Operational,False,"{'engine_temperature': {'unit': 'Celsius', 'value': 903.0789783382617}, 'cabin_pressure': {'unit': 'Pascal', 'value': 80829.26056804263}, 'vibration_level': {'unit': 'G-force', 'value': 0.7531015391796088}, 'fuel_level': {'unit': 'Gallons/Liters', 'value': 4900.50849228578}}"
6276,AA5777,CLT,SEA,2023-12-28 02:38:00,2023-12-25 05:09:00,2023-01-12 19:23:00,2023-07-02 20:19:00,213,19206,535.1682490174752,231,2079.2828805128574,52,27735.20057516751,Foggy,Grounded,False,"{'engine_temperature': {'unit': 'Celsius', 'value': 1091.5162030167635}, 'cabin_pressure': {'unit': 'Pascal', 'value': 78990.35317642435}, 'vibration_level': {'unit': 'G-force', 'value': 1.3398016066644267}, 'fuel_level': {'unit': 'Gallons/Liters', 'value': 4377.081211498502}}"
3062,UA4854,CLT,CLT,2023-03-08 23:18:00,2023-07-22 11:26:00,2023-10-15 14:16:00,2023-05-16 01:05:00,162,19991,488.54339335590544,226,4300.197640720248,76,34283.58314875016,Cloudy,Unscheduled Maintenance,False,"{'engine_temperature': {'unit': 'Celsius', 'value': 1034.4920996050057}, 'cabin_pressure': {'unit': 'Pascal', 'value': 84770.06954438944}, 'vibration_level': {'unit': 'G-force', 'value': 0.6018931008729368}, 'fuel_level': {'unit': 'Gallons/Liters', 'value': 4016.639884454384}}"
1064,UA3491,LAX,DFW,2023-09-20 13:38:00,2023-10-19 20:44:00,2023-10-01 09:19:00,2023-03-27 13:53:00,253,33196,489.15818291544576,232,2993.0227290538146,163,35252.30212367955,Foggy,Grounded,False,"{'engine_temperature': {'unit': 'Celsius', 'value': 986.7165585265229}, 'cabin_pressure': {'unit': 'Pascal', 'value': 75926.25483051367}, 'vibration_level': {'unit': 'G-force', 'value': 1.2483843496762312}, 'fuel_level': {'unit': 'Gallons/Liters', 'value': 5829.097327697118}}"
9006,AA4124,DEN,SFO,2023-03-28 15:49:00,2023-03-20 14:23:00,2023-02-27 05:39:00,2023-04-28 01:45:00,225,17519,544.9033702797236,220,1308.2331165373246,156,33667.88649225302,Foggy,Scheduled Maintenance,False,"{'engine_temperature': {'unit': 'Celsius', 'value': 986.8041945417517}, 'cabin_pressure': {'unit': 'Pascal', 'value': 77587.11642155441}, 'vibration_level': {'unit': 'G-force', 'value': 0.9344033190066098}, 'fuel_level': {'unit': 'Gallons/Liters', 'value': 5446.8956357000025}}"
3568,AA6222,DEN,CLT,2023-12-29 06:10:00,2023-02-13 10:00:00,2023-03-19 22:20:00,2023-11-26 22:24:00,149,23669,403.1642183531165,41,1234.203716975917,89,38105.35092342066,Cloudy,Operational,False,"{'engine_temperature': {'unit': 'Celsius', 'value': 901.8108323160742}, 'cabin_pressure': {'unit': 'Pascal', 'value': 80894.53989484697}, 'vibration_level': {'unit': 'G-force', 'value': 1.113291684887379}, 'fuel_level': {'unit': 'Gallons/Liters', 'value': 5275.376493791871}}"
6463,UA1876,ORD,LAX,2023-11-03 06:19:00,2023-11-30 04:29:00,2023-05-25 06:43:00,2023-10-19 20:05:00,233,14612,468.2180048948441,20,2336.953274784243,210,19497.33873499225,Snowy,Scheduled Maintenance,False,"{'engine_temperature': {'unit': 'Celsius', 'value': 948.4044159961754}, 'cabin_pressure': {'unit': 'Pascal', 'value': 82140.52723378126}, 'vibration_level': {'unit': 'G-force', 'value': 0.5913914863317764}, 'fuel_level': {'unit': 'Gallons/Liters', 'value': 4398.540672933602}}"
3027,UA5142,LAX,SEA,2023-12-04 14:21:00,2023-10-07 11:24:00,2023-04-05 20:37:00,2023-01-19 18:43:00,181,36094,563.7414114238466,41,4139.58790844587,178,30494.551101831625,Foggy,Unscheduled Maintenance,False,"{'engine_temperature': {'unit': 'Celsius', 'value': 1075.4940093308965}, 'cabin_pressure': {'unit': 'Pascal', 'value': 82387.23150726566}, 'vibration_level': {'unit': 'G-force', 'value': 0.5137455540113453}, 'fuel_level': {'unit': 'Gallons/Liters', 'value': 4496.7525207396}}"
3695,DL7966,JFK,LAX,2023-01-07 14:28:00,2023-07-02 02:15:00,2023-10-13 15:58:00,2023-08-20 10:52:00,202,22373,520.6438820426745,112,3830.723738963663,57,14168.992112333908,Rainy,Unscheduled Maintenance,False,"{'engine_temperature': {'unit': 'Celsius', 'value': 942.881296598633}, 'cabin_pressure': {'unit': 'Pascal', 'value': 77708.06328036972}, 'vibration_level': {'unit': 'G-force', 'value': 0.7475597702798864}, 'fuel_level': {'unit': 'Gallons/Liters', 'value': 4125.052591485692}}"
6258,AA5465,DEN,ATL,2023-10-19 12:01:00,2023-02-06 07:42:00,2023-03-25 03:53:00,2023-08-14 07:30:00,165,27582,467.4454265510841,104,4154.459858689626,150,25380.4531057925,Turbulence,Unscheduled Maintenance,False,"{'engine_temperature': {'unit': 'Celsius', 'value': 991.788103319364}, 'cabin_pressure': {'unit': 'Pascal', 'value': 82327.33474786165}, 'vibration_level': {'unit': 'G-force', 'value': 1.1067317247174364}, 'fuel_level': {'unit': 'Gallons/Liters', 'value': 5345.74333719616}}"
6618,UA2693,DFW,JFK,2023-01-12 04:42:00,2023-12-03 09:11:00,2023-12-13 01:46:00,2023-10-16 19:20:00,182,38449,581.1049584659347,191,3069.0762257664373,209,29506.682744850576,Windy,Scheduled Maintenance,False,"{'engine_temperature': {'unit': 'Celsius', 'value': 916.2298357072478}, 'cabin_pressure': {'unit': 'Pascal', 'value': 84514.90710176787}, 'vibration_level': {'unit': 'G-force', 'value': 1.3384918338430247}, 'fuel_level': {'unit': 'Gallons/Liters', 'value': 5610.180636991326}}"
7736,DL5752,MIA,DFW,2023-05-11 03:14:00,2023-01-15 04:41:00,2023-10-16 18:13:00,2023-07-22 09:28:00,68,25552,554.5245454898766,16,2760.795991821962,173,36088.9703818189,Snowy,Grounded,False,"{'engine_temperature': {'unit': 'Celsius', 'value': 1064.5967610083535}, 'cabin_pressure': {'unit': 'Pascal', 'value': 84327.10508132761}, 'vibration_level': {'unit': 'G-force', 'value': 1.0442539661136978}, 'fuel_level': {'unit': 'Gallons/Liters', 'value': 4400.564035735251}}"
1391,DL6177,JFK,MIA,2023-01-28 22:02:00,2023-02-18 10:14:00,2023-03-19 17:05:00,2023-10-01 14:50:00,321,24646,452.97908944734667,119,1589.8101068251358,225,48021.24210344814,Cloudy,Scheduled Maintenance,False,"{'engine_temperature': {'unit': 'Celsius', 'value': 1023.3567215705082}, 'cabin_pressure': {'unit': 'Pascal', 'value': 82428.8149366794}, 'vibration_level': {'unit': 'G-force', 'value': 1.2379173933540253}, 'fuel_level': {'unit': 'Gallons/Liters', 'value': 5042.89804833376}}"
6892,DL9932,SFO,JFK,2023-03-04 11:41:00,2023-04-14 17:07:00,2023-05-10 12:58:00,2023-09-13 18:26:00,132,15238,529.0579675051433,128,2312.771014437246,156,34026.04266193423,Snowy,Operational,False,"{'engine_temperature': {'unit': 'Celsius', 'value': 913.6917438667156}, 'cabin_pressure': {'unit': 'Pascal', 'value': 78711.12938430128}, 'vibration_level': {'unit': 'G-force', 'value': 1.4207666084633574}, 'fuel_level': {'unit': 'Gallons/Liters', 'value': 5168.897819514852}}"
4561,UA9308,DFW,MIA,2023-12-26 03:22:00,2023-06-23 19:13:00,2023-06-23 15:49:00,2023-07-12 08:56:00,282,25577,519.1501456377913,129,2736.077464695501,150,39743.75664706239,Clear,Grounded,False,"{'engine_temperature': {'unit': 'Celsius', 'value': 1007.6663886511427}, 'cabin_pressure': {'unit': 'Pascal', 'value': 77688.53514382194}, 'vibration_level': {'unit': 'G-force', 'value': 0.8684489199165789}, 'fuel_level': {'unit': 'Gallons/Liters', 'value': 5790.692178306339}}"
7184,UA3838,DFW,SEA,2023-07-09 21:06:00,2023-05-29 05:31:00,2023-11-12 12:00:00,2023-12-14 16:00:00,100,37050,480.23758280779657,59,1354.401718718469,53,30250.64237980811,Clear,Unscheduled Maintenance,False,"{'engine_temperature': {'unit': 'Celsius', 'value': 1033.2926095053672}, 'cabin_pressure': {'unit': 'Pascal', 'value': 82873.87026752334}, 'vibration_level': {'unit': 'G-force', 'value': 0.9543454230676551}, 'fuel_level': {'unit': 'Gallons/Liters', 'value': 5260.494438912316}}"
4099,DL8560,LAX,DEN,2023-08-21 23:31:00,2023-01-18 08:54:00,2023-06-14 16:42:00,2023-04-13 12:51:00,263,32473,473.3912158409601,47,1882.447810844845,247,35364.16125505325,Foggy,Scheduled Maintenance,False,"{'engine_temperature': {'unit': 'Celsius', 'value': 949.6767217486415}, 'cabin_pressure': {'unit': 'Pascal', 'value': 82054.60830283487}, 'vibration_level': {'unit': 'G-force', 'value': 0.9276013337033373}, 'fuel_level': {'unit': 'Gallons/Liters', 'value': 4885.0910296294915}}"
7278,AA2664,ORD,SFO,2023-08-26 09:14:00,2023-04-18 20:16:00,2023-06-10 00:12:00,2023-03-07 15:43:00,323,38061,468.7120949551408,28,3392.9011762549553,159,12837.288645350938,Foggy,Unscheduled Maintenance,False,"{'engine_temperature': {'unit': 'Celsius', 'value': 1029.8644649153764}, 'cabin_pressure': {'unit': 'Pascal', 'value': 84362.80621468926}, 'vibration_level': {'unit': 'G-force', 'value': 0.5640063466086209}, 'fuel_level': {'unit': 'Gallons/Liters', 'value': 5649.486474694015}}"
9392,UA1512,SFO,ORD,2023-04-20 02:45:00,2023-08-23 00:54:00,2023-05-05 13:08:00,2023-05-02 20:32:00,237,32641,523.4311566791293,96,3942.6524569567596,68,20175.66323367388,Rainy,Unscheduled Maintenance,False,"{'engine_temperature': {'unit': 'Celsius', 'value': 958.4766220824387}, 'cabin_pressure': {'unit': 'Pascal', 'value': 79439.19454506377}, 'vibration_level': {'unit': 'G-force', 'value': 0.521913328775009}, 'fuel_level': {'unit': 'Gallons/Liters', 'value': 4602.092155668626}}"
4104,DL8805,DEN,JFK,2023-05-16 06:10:00,2023-10-23 11:28:00,2023-05-11 20:21:00,2023-08-13 04:31:00,143,38625,488.48198729613387,9,4993.3900455717985,81,24474.123728205548,Turbulence,Operational,False,"{'engine_temperature': {'unit': 'Celsius', 'value': 1000.526248526026}, 'cabin_pressure': {'unit': 'Pascal', 'value': 75561.7607734744}, 'vibration_level': {'unit': 'G-force', 'value': 0.9910957293831651}, 'fuel_level': {'unit': 'Gallons/Liters', 'value': 5854.221257716855}}"
8215,UA1559,LAX,DFW,2023-03-23 06:39:00,2023-01-17 04:58:00,2023-11-19 14:25:00,2023-02-25 16:21:00,170,25504,566.3726226502844,241,4732.45332537423,186,28899.734200260544,Windy,Grounded,True,"{'engine_temperature': {'unit': 'Celsius', 'value': 921.078643621561}, 'cabin_pressure': {'unit': 'Pascal', 'value': 82644.40728075504}, 'vibration_level': {'unit': 'G-force', 'value': 0.9096710533759926}, 'fuel_level': {'unit': 'Gallons/Liters', 'value': 5310.347429048676}}"
3454,AA8404,DEN,LAX,2023-09-18 22:49:00,2023-09-20 18:54:00,2023-10-29 08:12:00,2023-09-29 18:25:00,310,34089,533.9205232267924,313,3570.260798140766,61,11825.94982009535,Snowy,Operational,False,"{'engine_temperature': {'unit': 'Celsius', 'value': 952.0473195970459}, 'cabin_pressure': {'unit': 'Pascal', 'value': 76594.92262541359}, 'vibration_level': {'unit': 'G-force', 'value': 0.6604626142712264}, 'fuel_level': {'unit': 'Gallons/Liters', 'value': 4140.98389128629}}"
9996,AA4343,LAX,DFW,2023-08-16 11:57:00,2023-06-13 16:21:00,2023-05-12 15:41:00,2023-03-16 06:41:00,66,13719,413.98632114188683,231,2684.992213176288,188,15600.963902132708,Clear,Operational,False,"{'engine_temperature': {'unit': 'Celsius', 'value': 937.1293409802486}, 'cabin_pressure': {'unit': 'Pascal', 'value': 81642.19384988968}, 'vibration_level': {'unit': 'G-force', 'value': 1.3816906118435082}, 'fuel_level': {'unit': 'Gallons/Liters', 'value': 5628.251371182324}}"
3731,AA5070,LAX,SEA,2023-11-29 17:12:00,2023-01-09 00:09:00,2023-10-14 10:08:00,2023-07-19 07:08:00,143,10302,528.0336447656332,276,3544.709458832931,95,21072.57231165223,Foggy,Operational,True,"{'engine_temperature': {'unit': 'Celsius', 'value': 1037.0268619748967}, 'cabin_pressure': {'unit': 'Pascal', 'value': 76104.31863411103}, 'vibration_level': {'unit': 'G-force', 'value': 0.7891874462959498}, 'fuel_level': {'unit': 'Gallons/Liters', 'value': 4619.613750644938}}"
9154,DL1580,LAX,MIA,2023-09-02 06:31:00,2023-01-05 12:32:00,2023-07-04 03:23:00,2023-11-26 20:49:00,267,22144,454.22948730003696,283,4142.606472320927,168,48861.307636042024,Icing,Unscheduled Maintenance,False,"{'engine_temperature': {'unit': 'Celsius', 'value': 949.9913892795242}, 'cabin_pressure': {'unit': 'Pascal', 'value': 80150.05659709722}, 'vibration_level': {'unit': 'G-force', 'value': 1.0355538148796726}, 'fuel_level': {'unit': 'Gallons/Liters', 'value': 4713.77195034222}}"
6056,UA8004,ORD,LAX,2023-12-04 01:34:00,2023-04-25 18:36:00,2023-01-22 12:33:00,2023-02-13 12:55:00,81,39259,518.5623983306846,202,1473.3447636935493,65,23253.88028412203,Icing,Operational,False,"{'engine_temperature': {'unit': 'Celsius', 'value': 970.7578317472872}, 'cabin_pressure': {'unit': 'Pascal', 'value': 83285.55597906081}, 'vibration_level': {'unit': 'G-force', 'value': 1.2892928483196857}, 'fuel_level': {'unit': 'Gallons/Liters', 'value': 4615.591663361492}}"
9110,DL9130,LAX,ORD,2023-05-25 12:13:00,2023-04-21 09:36:00,2023-12-29 14:41:00,2023-11-14 10:38:00,62,27370,536.0263862206903,246,2639.619558785153,178,29281.642324483302,Windy,Operational,False,"{'engine_temperature': {'unit': 'Celsius', 'value': 1082.7576887746518}, 'cabin_pressure': {'unit': 'Pascal', 'value': 84528.15017002507}, 'vibration_level': {'unit': 'G-force', 'value': 0.8267425420300408}, 'fuel_level': {'unit': 'Gallons/Liters', 'value': 4708.849897586109}}"
4840,UA2679,ATL,ORD,2023-10-08 05:12:00,2023-10-01 12:21:00,2023-12-09 17:05:00,2023-10-08 00:16:00,186,20055,446.1658378308024,289,4359.209142542469,112,17843.90850953572,Snowy,Grounded,False,"{'engine_temperature': {'unit': 'Celsius', 'value': 1001.1268306843917}, 'cabin_pressure': {'unit': 'Pascal', 'value': 84411.20812533674}, 'vibration_level': {'unit': 'G-force', 'value': 1.3763194331423114}, 'fuel_level': {'unit': 'Gallons/Liters', 'value': 4205.135925167179}}"
2028,DL8253,MIA,JFK,2023-04-11 03:34:00,2023-07-01 20:54:00,2023-06-09 10:27:00,2023-10-15 17:31:00,356,14440,491.3717289760737,263,2535.331807732176,158,34431.202843030725,Foggy,Grounded,False,"{'engine_temperature': {'unit': 'Celsius', 'value': 978.5461486542832}, 'cabin_pressure': {'unit': 'Pascal', 'value': 80533.71189749772}, 'vibration_level': {'unit': 'G-force', 'value': 1.00313247255154}, 'fuel_level': {'unit': 'Gallons/Liters', 'value': 4387.726135873785}}"
8385,AA6188,DEN,SEA,2023-12-29 14:29:00,2023-08-21 19:32:00,2023-10-11 19:28:00,2023-10-24 22:20:00,247,31293,438.06497256381357,213,3287.489084908746,168,21227.328620638975,Foggy,Operational,False,"{'engine_temperature': {'unit': 'Celsius', 'value': 1071.763354233631}, 'cabin_pressure': {'unit': 'Pascal', 'value': 81769.40782996838}, 'vibration_level': {'unit': 'G-force', 'value': 1.3379083748518035}, 'fuel_level': {'unit': 'Gallons/Liters', 'value': 5717.528558698945}}"
1502,DL3141,JFK,DEN,2023-06-08 11:06:00,2023-08-21 07:54:00,2023-08-07 19:58:00,2023-11-01 06:44:00,73,13072,410.4677751573017,199,3351.077443448793,70,18279.70313753707,Clear,Grounded,True,"{'engine_temperature': {'unit': 'Celsius', 'value': 1049.6711707331478}, 'cabin_pressure': {'unit': 'Pascal', 'value': 79392.10601249717}, 'vibration_level': {'unit': 'G-force', 'value': 1.1105467550154247}, 'fuel_level': {'unit': 'Gallons/Liters', 'value': 4320.730812239486}}"
7910,UA7617,SEA,SEA,2023-09-21 10:45:00,2023-08-07 16:46:00,2023-06-16 08:22:00,2023-08-18 20:16:00,71,23598,475.6952846971738,78,1737.9050125345575,207,30662.905137839163,Clear,Grounded,False,"{'engine_temperature': {'unit': 'Celsius', 'value': 1034.7290834949815}, 'cabin_pressure': {'unit': 'Pascal', 'value': 76792.53255739281}, 'vibration_level': {'unit': 'G-force', 'value': 1.1939495905101567}, 'fuel_level': {'unit': 'Gallons/Liters', 'value': 4459.196321507938}}"
7938,AA8421,SFO,MIA,2023-05-16 12:11:00,2023-03-21 00:28:00,2023-02-24 15:17:00,2023-09-14 08:19:00,146,24287,472.58885436919843,342,2448.9417666091535,62,10220.231966416834,Foggy,Operational,False,"{'engine_temperature': {'unit': 'Celsius', 'value': 923.510260030044}, 'cabin_pressure': {'unit': 'Pascal', 'value': 76652.84490142958}, 'vibration_level': {'unit': 'G-force', 'value': 0.5019921352190703}, 'fuel_level': {'unit': 'Gallons/Liters', 'value': 5437.47923570706}}"
5488,UA5452,CLT,DFW,2023-06-14 21:16:00,2023-09-24 11:50:00,2023-11-13 19:36:00,2023-12-05 16:51:00,71,23965,599.0960981408514,343,2338.0451549677286,211,10306.561305969013,Cloudy,Unscheduled Maintenance,False,"{'engine_temperature': {'unit': 'Celsius', 'value': 1046.4802098116759}, 'cabin_pressure': {'unit': 'Pascal', 'value': 80149.3334991326}, 'vibration_level': {'unit': 'G-force', 'value': 0.6613628010553837}, 'fuel_level': {'unit': 'Gallons/Liters', 'value': 4167.10867502138}}"
1206,DL6881,ORD,ORD,2023-02-01 04:25:00,2023-06-07 03:57:00,2023-06-02 02:19:00,2023-11-18 13:39:00,84,29508,489.27047023952844,172,1104.7868341282592,53,18762.75236407431,Foggy,Operational,False,"{'engine_temperature': {'unit': 'Celsius', 'value': 903.8257932874574}, 'cabin_pressure': {'unit': 'Pascal', 'value': 76657.48176965221}, 'vibration_level': {'unit': 'G-force', 'value': 1.3908555349831468}, 'fuel_level': {'unit': 'Gallons/Liters', 'value': 4483.073683403363}}"
6134,UA3849,JFK,DFW,2023-04-27 09:05:00,2023-10-13 19:40:00,2023-01-07 08:34:00,2023-04-09 23:27:00,302,19519,466.71390989444006,68,1096.767055565421,205,11468.854500032845,Windy,Grounded,False,"{'engine_temperature': {'unit': 'Celsius', 'value': 970.8542654434432}, 'cabin_pressure': {'unit': 'Pascal', 'value': 76053.45484481333}, 'vibration_level': {'unit': 'G-force', 'value': 0.7223613047481703}, 'fuel_level': {'unit': 'Gallons/Liters', 'value': 5038.44914156041}}"
6977,DL7905,DFW,DFW,2023-03-17 08:47:00,2023-11-19 06:39:00,2023-10-25 17:09:00,2023-03-26 06:38:00,181,23380,516.095001343335,86,4326.788174703093,151,14321.030165227654,Foggy,Unscheduled Maintenance,False,"{'engine_temperature': {'unit': 'Celsius', 'value': 1021.5505366191305}, 'cabin_pressure': {'unit': 'Pascal', 'value': 77453.52314166211}, 'vibration_level': {'unit': 'G-force', 'value': 0.5577321592251172}, 'fuel_level': {'unit': 'Gallons/Liters', 'value': 4782.065738254797}}"
8721,DL3489,ATL,DFW,2023-06-09 12:03:00,2023-02-26 17:51:00,2023-03-04 14:26:00,2023-03-01 07:33:00,206,36984,417.7534788215537,100,2092.2832398912497,108,23554.425973550064,Rainy,Scheduled Maintenance,False,"{'engine_temperature': {'unit': 'Celsius', 'value': 946.8406741852668}, 'cabin_pressure': {'unit': 'Pascal', 'value': 77195.53923229802}, 'vibration_level': {'unit': 'G-force', 'value': 1.4598628027134553}, 'fuel_level': {'unit': 'Gallons/Liters', 'value': 5232.600971851448}}"
8035,AA5611,CLT,ORD,2023-09-05 15:58:00,2023-07-24 07:41:00,2023-12-27 04:21:00,2023-03-04 15:08:00,114,21865,592.3331471909627,7,3072.3150649552617,177,42103.427183192514,Turbulence,Unscheduled Maintenance,False,"{'engine_temperature': {'unit': 'Celsius', 'value': 1011.3756886344191}, 'cabin_pressure': {'unit': 'Pascal', 'value': 79157.75103523322}, 'vibration_level': {'unit': 'G-force', 'value': 0.9289443334301443}, 'fuel_level': {'unit': 'Gallons/Liters', 'value': 5081.810007676162}}"
2484,DL7303,SEA,CLT,2023-04-14 21:36:00,2023-03-14 03:19:00,2023-08-18 10:53:00,2023-02-15 21:02:00,297,18125,526.9920091182066,332,2194.902294355092,76,32881.94573477203,Rainy,Grounded,False,"{'engine_temperature': {'unit': 'Celsius', 'value': 1039.2859614072215}, 'cabin_pressure': {'unit': 'Pascal', 'value': 82021.46096181829}, 'vibration_level': {'unit': 'G-force', 'value': 0.6716939077054496}, 'fuel_level': {'unit': 'Gallons/Liters', 'value': 5000.2255041532535}}"
8858,DL1851,JFK,ATL,2023-06-05 04:20:00,2023-01-15 17:02:00,2023-12-17 05:19:00,2023-11-04 04:20:00,232,13291,550.9675639881696,199,4762.716980461362,118,30506.709038256657,Rainy,Unscheduled Maintenance,False,"{'engine_temperature': {'unit': 'Celsius', 'value': 982.3916190068204}, 'cabin_pressure': {'unit': 'Pascal', 'value': 83705.26966269384}, 'vibration_level': {'unit': 'G-force', 'value': 1.1314189212183763}, 'fuel_level': {'unit': 'Gallons/Liters', 'value': 5065.008132831964}}"
1863,UA3427,CLT,MIA,2023-01-09 03:28:00,2023-05-19 08:05:00,2023-06-07 15:12:00,2023-11-15 12:55:00,280,14033,434.0955876347835,86,2037.187035463095,74,21739.552928324865,Cloudy,Operational,True,"{'engine_temperature': {'unit': 'Celsius', 'value': 923.0789284357835}, 'cabin_pressure': {'unit': 'Pascal', 'value': 81056.37889323411}, 'vibration_level': {'unit': 'G-force', 'value': 0.6172039056802334}, 'fuel_level': {'unit': 'Gallons/Liters', 'value': 4674.4131511315045}}"
3790,AA5000,JFK,CLT,2023-07-29 07:00:00,2023-01-13 06:20:00,2023-05-31 15:45:00,2023-06-21 10:29:00,178,15105,481.8955706010408,42,2718.6272509557402,180,47270.14877731266,Cloudy,Scheduled Maintenance,False,"{'engine_temperature': {'unit': 'Celsius', 'value': 928.5683929628664}, 'cabin_pressure': {'unit': 'Pascal', 'value': 81920.73647024369}, 'vibration_level': {'unit': 'G-force', 'value': 0.7062521138361526}, 'fuel_level': {'unit': 'Gallons/Liters', 'value': 4783.718746376052}}"
8408,AA3738,ATL,MIA,2023-02-17 08:42:00,2023-02-21 04:26:00,2023-07-10 07:10:00,2023-09-27 08:05:00,242,27087,484.53782267923793,108,4490.921001938407,146,25880.601649487668,Icing,Scheduled Maintenance,False,"{'engine_temperature': {'unit': 'Celsius', 'value': 1079.1349555237557}, 'cabin_pressure': {'unit': 'Pascal', 'value': 77043.1638339897}, 'vibration_level': {'unit': 'G-force', 'value': 1.007805063958779}, 'fuel_level': {'unit': 'Gallons/Liters', 'value': 4838.543322332044}}"
9755,DL6732,SEA,LAX,2023-06-09 08:47:00,2023-07-14 02:25:00,2023-04-22 19:05:00,2023-04-15 00:59:00,347,18133,564.3612887802174,151,4367.734267167234,245,13483.71067183086,Foggy,Scheduled Maintenance,False,"{'engine_temperature': {'unit': 'Celsius', 'value': 903.624808209146}, 'cabin_pressure': {'unit': 'Pascal', 'value': 82927.58113572813}, 'vibration_level': {'unit': 'G-force', 'value': 0.5690459063145997}, 'fuel_level': {'unit': 'Gallons/Liters', 'value': 4948.510041953907}}"
6116,DL6536,DFW,SEA,2023-06-12 04:37:00,2023-07-18 13:23:00,2023-07-23 06:29:00,2023-06-09 20:08:00,359,26958,400.2473359518819,16,1744.4056713851091,74,34682.66064471205,Rainy,Grounded,False,"{'engine_temperature': {'unit': 'Celsius', 'value': 1012.13565898779}, 'cabin_pressure': {'unit': 'Pascal', 'value': 81284.26456614587}, 'vibration_level': {'unit': 'G-force', 'value': 1.1886316293078756}, 'fuel_level': {'unit': 'Gallons/Liters', 'value': 4506.5447670454305}}"
7019,UA2066,LAX,SEA,2023-08-13 23:04:00,2023-12-29 21:43:00,2023-06-16 09:36:00,2023-05-20 07:46:00,141,15704,460.17062167065103,132,4210.5732391828415,197,14553.535739064057,Cloudy,Grounded,True,"{'engine_temperature': {'unit': 'Celsius', 'value': 901.9957553316899}, 'cabin_pressure': {'unit': 'Pascal', 'value': 82234.43662354912}, 'vibration_level': {'unit': 'G-force', 'value': 1.0356565993475786}, 'fuel_level': {'unit': 'Gallons/Liters', 'value': 5672.235406414497}}"
2757,AA5107,DEN,SFO,2023-04-26 14:30:00,2023-10-27 11:21:00,2023-10-28 03:50:00,2023-04-20 13:34:00,270,37808,596.2472748688608,147,2832.7475469515707,211,23808.925712067685,Clear,Scheduled Maintenance,False,"{'engine_temperature': {'unit': 'Celsius', 'value': 1064.2776725801389}, 'cabin_pressure': {'unit': 'Pascal', 'value': 83433.26167787884}, 'vibration_level': {'unit': 'G-force', 'value': 0.9850946599795402}, 'fuel_level': {'unit': 'Gallons/Liters', 'value': 4667.256791673732}}"
8574,DL4373,DFW,SEA,2023-08-28 19:48:00,2023-02-17 19:38:00,2023-10-21 04:45:00,2023-05-07 22:11:00,209,17848,494.9773087012437,276,2931.875488341421,203,30296.477548712355,Foggy,Unscheduled Maintenance,False,"{'engine_temperature': {'unit': 'Celsius', 'value': 1058.311640518274}, 'cabin_pressure': {'unit': 'Pascal', 'value': 79512.94113029254}, 'vibration_level': {'unit': 'G-force', 'value': 0.6834421964034345}, 'fuel_level': {'unit': 'Gallons/Liters', 'value': 5709.948039122949}}"
7374,UA9945,LAX,ORD,2023-09-04 04:57:00,2023-12-22 01:02:00,2023-01-05 14:28:00,2023-04-13 03:07:00,96,31592,476.50525604880164,231,1533.9198896637752,175,44968.90098740703,Windy,Scheduled Maintenance,False,"{'engine_temperature': {'unit': 'Celsius', 'value': 1076.5119753544695}, 'cabin_pressure': {'unit': 'Pascal', 'value': 79663.09756140171}, 'vibration_level': {'unit': 'G-force', 'value': 0.5756997273097875}, 'fuel_level': {'unit': 'Gallons/Liters', 'value': 4775.652179833863}}"
7892,DL9967,ORD,DEN,2023-12-05 04:00:00,2023-04-19 19:19:00,2023-03-17 06:27:00,2023-07-27 23:42:00,118,22975,423.9658004035293,313,1322.4060550284985,182,29741.863213604745,Turbulence,Unscheduled Maintenance,False,"{'engine_temperature': {'unit': 'Celsius', 'value': 1060.7075318925206}, 'cabin_pressure': {'unit': 'Pascal', 'value': 84017.74028546229}, 'vibration_level': {'unit': 'G-force', 'value': 0.7034727424975958}, 'fuel_level': {'unit': 'Gallons/Liters', 'value': 4133.947224050543}}"
2678,AA1417,MIA,JFK,2023-03-12 12:54:00,2023-10-26 17:44:00,2023-02-19 23:11:00,2023-10-23 00:20:00,190,16924,594.8329257256031,227,3911.7572278950606,238,38090.350641266574,Snowy,Unscheduled Maintenance,False,"{'engine_temperature': {'unit': 'Celsius', 'value': 1075.4700906265678}, 'cabin_pressure': {'unit': 'Pascal', 'value': 78894.04938978875}, 'vibration_level': {'unit': 'G-force', 'value': 1.0417609642675631}, 'fuel_level': {'unit': 'Gallons/Liters', 'value': 5936.131624101517}}"
4242,DL9808,SFO,SFO,2023-04-22 09:10:00,2023-12-24 12:55:00,2023-12-27 09:39:00,2023-03-17 20:51:00,261,37208,404.0052711851649,138,2985.844609421199,58,49712.673559962815,Foggy,Grounded,True,"{'engine_temperature': {'unit': 'Celsius', 'value': 913.3129455828446}, 'cabin_pressure': {'unit': 'Pascal', 'value': 81483.18007452096}, 'vibration_level': {'unit': 'G-force', 'value': 0.5741054225748671}, 'fuel_level': {'unit': 'Gallons/Liters', 'value': 4750.937856933001}}"
5636,DL4267,SFO,JFK,2023-11-07 02:00:00,2023-07-18 23:37:00,2023-12-30 16:47:00,2023-04-27 08:27:00,302,30212,547.4360450014486,210,2747.4028104607182,165,15259.564795919265,Snowy,Unscheduled Maintenance,False,"{'engine_temperature': {'unit': 'Celsius', 'value': 1060.7629090386893}, 'cabin_pressure': {'unit': 'Pascal', 'value': 79334.72232755634}, 'vibration_level': {'unit': 'G-force', 'value': 1.4971823539029505}, 'fuel_level': {'unit': 'Gallons/Liters', 'value': 5118.118569893204}}"
2059,UA8668,DEN,MIA,2023-04-30 19:59:00,2023-08-02 01:40:00,2023-06-13 13:57:00,2023-07-03 20:53:00,94,29614,553.7199609577017,27,3918.032914609587,227,20989.26102078078,Rainy,Scheduled Maintenance,False,"{'engine_temperature': {'unit': 'Celsius', 'value': 964.2324305271907}, 'cabin_pressure': {'unit': 'Pascal', 'value': 77201.11325904753}, 'vibration_level': {'unit': 'G-force', 'value': 0.8505205342861618}, 'fuel_level': {'unit': 'Gallons/Liters', 'value': 4745.066547519102}}"
7668,UA1412,SEA,JFK,2023-09-16 00:56:00,2023-02-08 18:55:00,2023-08-20 02:06:00,2023-02-17 02:05:00,152,10488,448.7313432127733,50,4062.051595964439,183,25783.043023905855,Turbulence,Grounded,False,"{'engine_temperature': {'unit': 'Celsius', 'value': 913.7427355447921}, 'cabin_pressure': {'unit': 'Pascal', 'value': 78695.74199426774}, 'vibration_level': {'unit': 'G-force', 'value': 0.9642385197392249}, 'fuel_level': {'unit': 'Gallons/Liters', 'value': 5445.475504477609}}"
4157,AA8164,ATL,JFK,2023-02-09 21:58:00,2023-08-10 06:54:00,2023-02-25 09:26:00,2023-04-04 09:06:00,266,17114,534.3116887226074,260,1635.6326706774144,109,26873.127141553254,Snowy,Operational,False,"{'engine_temperature': {'unit': 'Celsius', 'value': 1031.3458969443216}, 'cabin_pressure': {'unit': 'Pascal', 'value': 82087.65655229155}, 'vibration_level': {'unit': 'G-force', 'value': 0.5083636818768571}, 'fuel_level': {'unit': 'Gallons/Liters', 'value': 4435.334799161072}}"
6915,AA9867,SEA,SFO,2023-06-11 08:53:00,2023-10-14 12:34:00,2023-09-11 06:36:00,2023-01-20 04:11:00,272,35923,418.585828875878,260,3440.900597910565,221,26440.84301062183,Rainy,Operational,True,"{'engine_temperature': {'unit': 'Celsius', 'value': 1032.3368576799712}, 'cabin_pressure': {'unit': 'Pascal', 'value': 79839.89368179748}, 'vibration_level': {'unit': 'G-force', 'value': 0.505313475668346}, 'fuel_level': {'unit': 'Gallons/Liters', 'value': 5608.989284863645}}"
3693,UA6988,ATL,LAX,2023-11-01 07:37:00,2023-03-08 00:17:00,2023-02-28 04:03:00,2023-09-17 22:34:00,218,38257,451.40945328641595,349,1541.416329110742,170,46304.4401022622,Clear,Grounded,False,"{'engine_temperature': {'unit': 'Celsius', 'value': 1054.5619146580675}, 'cabin_pressure': {'unit': 'Pascal', 'value': 80484.19162993562}, 'vibration_level': {'unit': 'G-force', 'value': 0.5664633257762721}, 'fuel_level': {'unit': 'Gallons/Liters', 'value': 5533.030099065169}}"
4627,AA3967,SEA,DFW,2023-11-28 21:48:00,2023-10-05 23:43:00,2023-06-22 16:03:00,2023-09-23 07:21:00,83,25740,557.580397658453,351,4005.5003441161825,188,38561.30577867426,Snowy,Scheduled Maintenance,False,"{'engine_temperature': {'unit': 'Celsius', 'value': 1016.7427175462728}, 'cabin_pressure': {'unit': 'Pascal', 'value': 82819.5997715796}, 'vibration_level': {'unit': 'G-force', 'value': 1.2517469923958404}, 'fuel_level': {'unit': 'Gallons/Liters', 'value': 5606.004143915674}}"
6450,DL2122,MIA,SEA,2023-09-12 12:00:00,2023-08-15 05:20:00,2023-05-11 01:53:00,2023-04-09 16:40:00,352,13173,572.937238406708,7,3627.820625068558,243,34316.208563628155,Turbulence,Operational,False,"{'engine_temperature': {'unit': 'Celsius', 'value': 1003.601613280925}, 'cabin_pressure': {'unit': 'Pascal', 'value': 76403.24518193516}, 'vibration_level': {'unit': 'G-force', 'value': 1.1711574733796888}, 'fuel_level': {'unit': 'Gallons/Liters', 'value': 5240.947570103941}}"
2663,UA6104,ORD,SEA,2023-12-05 07:10:00,2023-05-13 02:56:00,2023-06-24 21:28:00,2023-07-23 05:51:00,63,39165,521.6972825319583,319,4826.458484333832,224,22374.908714511283,Icing,Operational,False,"{'engine_temperature': {'unit': 'Celsius', 'value': 1048.4506374398175}, 'cabin_pressure': {'unit': 'Pascal', 'value': 76698.81006050736}, 'vibration_level': {'unit': 'G-force', 'value': 0.6949751999002892}, 'fuel_level': {'unit': 'Gallons/Liters', 'value': 5780.819034438657}}"
6592,DL3143,ORD,ORD,2023-06-17 17:59:00,2023-07-27 17:26:00,2023-10-14 17:30:00,2023-04-26 02:01:00,279,11667,501.3676863640965,137,1275.8320654256847,157,42951.61536885179,Foggy,Unscheduled Maintenance,False,"{'engine_temperature': {'unit': 'Celsius', 'value': 1049.9955596904142}, 'cabin_pressure': {'unit': 'Pascal', 'value': 84082.28488700323}, 'vibration_level': {'unit': 'G-force', 'value': 1.2587153211639208}, 'fuel_level': {'unit': 'Gallons/Liters', 'value': 5194.310611980603}}"
8392,DL8357,LAX,SFO,2023-06-06 03:19:00,2023-04-15 22:54:00,2023-07-24 17:20:00,2023-09-08 21:25:00,79,36213,431.8608041237961,37,1228.2188846050174,157,48202.42045939956,Rainy,Unscheduled Maintenance,False,"{'engine_temperature': {'unit': 'Celsius', 'value': 1030.8265474055747}, 'cabin_pressure': {'unit': 'Pascal', 'value': 83891.2792394001}, 'vibration_level': {'unit': 'G-force', 'value': 1.0788067545119406}, 'fuel_level': {'unit': 'Gallons/Liters', 'value': 5264.782648656775}}"
2306,AA4440,CLT,ORD,2023-05-04 11:44:00,2023-06-03 17:55:00,2023-03-10 22:08:00,2023-09-24 09:53:00,211,14114,412.62180661583005,110,2128.748298772801,180,42847.93130200906,Foggy,Scheduled Maintenance,False,"{'engine_temperature': {'unit': 'Celsius', 'value': 931.2953432007201}, 'cabin_pressure': {'unit': 'Pascal', 'value': 79739.21220116103}, 'vibration_level': {'unit': 'G-force', 'value': 1.216397111958099}, 'fuel_level': {'unit': 'Gallons/Liters', 'value': 4541.885396632731}}"
7776,DL6644,ORD,DEN,2023-07-12 14:47:00,2023-11-06 22:13:00,2023-12-26 12:08:00,2023-08-30 03:00:00,109,13553,423.52980569471174,219,2046.8227349436238,125,10062.604207658916,Turbulence,Grounded,False,"{'engine_temperature': {'unit': 'Celsius', 'value': 940.450836104907}, 'cabin_pressure': {'unit': 'Pascal', 'value': 78138.26808224416}, 'vibration_level': {'unit': 'G-force', 'value': 0.7415006279928334}, 'fuel_level': {'unit': 'Gallons/Liters', 'value': 4429.825274072791}}"
6864,DL3914,ORD,DEN,2023-04-07 21:04:00,2023-11-01 04:07:00,2023-12-17 09:08:00,2023-09-28 18:32:00,236,17761,445.47146001921976,336,1987.9151962879992,79,35456.05480733628,Cloudy,Scheduled Maintenance,False,"{'engine_temperature': {'unit': 'Celsius', 'value': 984.9701685736173}, 'cabin_pressure': {'unit': 'Pascal', 'value': 84078.38513883534}, 'vibration_level': {'unit': 'G-force', 'value': 1.0070596467387183}, 'fuel_level': {'unit': 'Gallons/Liters', 'value': 4375.840761630646}}"
8526,AA6917,DFW,ORD,2023-04-28 18:15:00,2023-11-02 11:20:00,2023-11-18 07:52:00,2023-07-21 02:25:00,155,11000,468.3349003793842,222,4625.018322084146,70,12045.41525768403,Rainy,Grounded,False,"{'engine_temperature': {'unit': 'Celsius', 'value': 915.3943338761749}, 'cabin_pressure': {'unit': 'Pascal', 'value': 81961.56145137925}, 'vibration_level': {'unit': 'G-force', 'value': 0.8827987644363878}, 'fuel_level': {'unit': 'Gallons/Liters', 'value': 5643.661893170718}}"
9901,AA9787,DFW,SFO,2023-07-11 10:51:00,2023-09-20 19:53:00,2023-09-20 19:00:00,2023-08-28 19:08:00,164,25638,476.18190510219745,135,1998.1847993980246,205,20304.288813348874,Snowy,Operational,False,"{'engine_temperature': {'unit': 'Celsius', 'value': 1031.902153728154}, 'cabin_pressure': {'unit': 'Pascal', 'value': 82962.41450541369}, 'vibration_level': {'unit': 'G-force', 'value': 0.7719460394184487}, 'fuel_level': {'unit': 'Gallons/Liters', 'value': 5384.7178449221165}}"
6575,AA2365,LAX,ORD,2023-09-08 06:40:00,2023-09-30 18:37:00,2023-07-20 15:36:00,2023-04-17 00:50:00,309,35426,469.2643537178007,255,2087.798904514524,239,12380.988013910868,Rainy,Unscheduled Maintenance,False,"{'engine_temperature': {'unit': 'Celsius', 'value': 952.8123969387437}, 'cabin_pressure': {'unit': 'Pascal', 'value': 84390.68479450291}, 'vibration_level': {'unit': 'G-force', 'value': 1.1363742815333744}, 'fuel_level': {'unit': 'Gallons/Liters', 'value': 4649.023600350684}}"
6530,AA1698,CLT,SEA,2023-05-13 22:08:00,2023-09-08 07:53:00,2023-08-28 02:27:00,2023-06-10 17:04:00,176,27772,447.8110664394531,359,4037.5930496718547,210,34151.818117975505,Foggy,Scheduled Maintenance,False,"{'engine_temperature': {'unit': 'Celsius', 'value': 953.9023724584546}, 'cabin_pressure': {'unit': 'Pascal', 'value': 76909.26585071643}, 'vibration_level': {'unit': 'G-force', 'value': 1.1946409588937277}, 'fuel_level': {'unit': 'Gallons/Liters', 'value': 4437.431225995854}}"
5413,DL1395,DEN,CLT,2023-03-28 05:20:00,2023-02-01 12:04:00,2023-05-28 17:04:00,2023-07-05 07:42:00,287,15450,501.9448493503396,328,2798.95936980216,212,37463.596539704275,Clear,Scheduled Maintenance,False,"{'engine_temperature': {'unit': 'Celsius', 'value': 1019.0606531854978}, 'cabin_pressure': {'unit': 'Pascal', 'value': 77646.35026925357}, 'vibration_level': {'unit': 'G-force', 'value': 1.1619689447938686}, 'fuel_level': {'unit': 'Gallons/Liters', 'value': 5629.879457081079}}"
4748,AA8400,DFW,ATL,2023-07-01 20:45:00,2023-08-28 20:47:00,2023-02-27 22:17:00,2023-08-06 19:50:00,125,13712,565.0572216465794,48,4106.842227820725,229,14579.505522636206,Rainy,Grounded,False,"{'engine_temperature': {'unit': 'Celsius', 'value': 1055.6050486289307}, 'cabin_pressure': {'unit': 'Pascal', 'value': 82608.51330930782}, 'vibration_level': {'unit': 'G-force', 'value': 0.6877224056922521}, 'fuel_level': {'unit': 'Gallons/Liters', 'value': 4176.769893969037}}"
1663,DL5171,DEN,JFK,2023-08-29 23:25:00,2023-03-22 20:12:00,2023-12-04 17:07:00,2023-11-29 01:00:00,321,11367,455.94070769429584,291,1261.464630257541,83,25353.55532179918,Snowy,Grounded,False,"{'engine_temperature': {'unit': 'Celsius', 'value': 1039.7897656974772}, 'cabin_pressure': {'unit': 'Pascal', 'value': 78683.4721379435}, 'vibration_level': {'unit': 'G-force', 'value': 0.9323462264033473}, 'fuel_level': {'unit': 'Gallons/Liters', 'value': 4062.298185586782}}"
2998,AA3502,JFK,ATL,2023-06-10 04:12:00,2023-11-22 06:45:00,2023-05-04 14:24:00,2023-02-12 08:40:00,354,18189,588.4774038204466,323,2950.284774693537,90,28249.46035822168,Cloudy,Scheduled Maintenance,False,"{'engine_temperature': {'unit': 'Celsius', 'value': 951.9152898550099}, 'cabin_pressure': {'unit': 'Pascal', 'value': 75336.76403874464}, 'vibration_level': {'unit': 'G-force', 'value': 1.3791857726012475}, 'fuel_level': {'unit': 'Gallons/Liters', 'value': 4486.793366437061}}"
8994,UA3782,DFW,SFO,2023-07-13 07:14:00,2023-06-14 05:36:00,2023-09-11 23:31:00,2023-08-05 04:55:00,302,19013,574.6673323447695,77,1134.4544007331306,100,24762.120870436665,Icing,Grounded,False,"{'engine_temperature': {'unit': 'Celsius', 'value': 1011.4674339146017}, 'cabin_pressure': {'unit': 'Pascal', 'value': 75389.7932066113}, 'vibration_level': {'unit': 'G-force', 'value': 1.166847391305658}, 'fuel_level': {'unit': 'Gallons/Liters', 'value': 4646.054691508188}}"
2495,DL6486,MIA,ATL,2023-08-13 07:23:00,2023-03-31 12:08:00,2023-06-06 05:25:00,2023-10-14 23:54:00,245,26838,432.35284227042195,104,1250.612813821418,224,14841.000019407722,Windy,Scheduled Maintenance,False,"{'engine_temperature': {'unit': 'Celsius', 'value': 1079.583837391533}, 'cabin_pressure': {'unit': 'Pascal', 'value': 83881.18188934035}, 'vibration_level': {'unit': 'G-force', 'value': 0.8252906183617478}, 'fuel_level': {'unit': 'Gallons/Liters', 'value': 5801.921791380935}}"
4304,AA8266,CLT,DEN,2023-02-09 19:09:00,2023-02-14 20:36:00,2023-09-18 01:45:00,2023-08-24 13:49:00,305,36200,557.255191351419,168,4625.749813377644,131,26757.911607499016,Clear,Scheduled Maintenance,False,"{'engine_temperature': {'unit': 'Celsius', 'value': 1099.2315346997557}, 'cabin_pressure': {'unit': 'Pascal', 'value': 83254.15664123947}, 'vibration_level': {'unit': 'G-force', 'value': 1.344871347755229}, 'fuel_level': {'unit': 'Gallons/Liters', 'value': 4498.01747221818}}"
4763,AA6588,LAX,MIA,2023-01-01 21:10:00,2023-08-14 11:44:00,2023-04-04 20:45:00,2023-07-27 15:39:00,184,29156,514.9174764635534,216,1556.9814844703806,107,40047.12191233673,Icing,Scheduled Maintenance,False,"{'engine_temperature': {'unit': 'Celsius', 'value': 1015.3404797715513}, 'cabin_pressure': {'unit': 'Pascal', 'value': 75672.55913967369}, 'vibration_level': {'unit': 'G-force', 'value': 0.5949179368216697}, 'fuel_level': {'unit': 'Gallons/Liters', 'value': 5997.785224066582}}"
6232,AA2167,JFK,JFK,2023-10-01 19:10:00,2023-09-13 12:04:00,2023-03-02 02:35:00,2023-01-07 08:32:00,327,13726,513.3150724342837,118,3129.6827291008685,124,12840.306581330218,Cloudy,Operational,False,"{'engine_temperature': {'unit': 'Celsius', 'value': 965.3278498851822}, 'cabin_pressure': {'unit': 'Pascal', 'value': 82481.83912048847}, 'vibration_level': {'unit': 'G-force', 'value': 1.3066650530268165}, 'fuel_level': {'unit': 'Gallons/Liters', 'value': 5716.046542014458}}"
2853,AA2062,CLT,DFW,2023-07-23 02:14:00,2023-11-22 22:14:00,2023-07-19 04:10:00,2023-02-02 02:28:00,190,33616,478.2085526116349,189,2644.3824104028263,234,13207.200563276137,Rainy,Grounded,False,"{'engine_temperature': {'unit': 'Celsius', 'value': 1099.5256594804314}, 'cabin_pressure': {'unit': 'Pascal', 'value': 77414.96485256868}, 'vibration_level': {'unit': 'G-force', 'value': 0.5403508268596997}, 'fuel_level': {'unit': 'Gallons/Liters', 'value': 4822.383035989172}}"
7585,AA8860,MIA,SFO,2023-03-06 13:45:00,2023-07-29 12:08:00,2023-11-03 22:13:00,2023-12-12 10:04:00,296,37723,500.23059983640195,254,2389.373305035371,72,24190.85167343937,Foggy,Unscheduled Maintenance,False,"{'engine_temperature': {'unit': 'Celsius', 'value': 926.0161339657894}, 'cabin_pressure': {'unit': 'Pascal', 'value': 75224.25889162056}, 'vibration_level': {'unit': 'G-force', 'value': 0.8604268271414861}, 'fuel_level': {'unit': 'Gallons/Liters', 'value': 5567.476502150473}}"
2291,UA6305,CLT,JFK,2023-05-07 13:36:00,2023-10-07 10:00:00,2023-05-06 03:31:00,2023-09-10 20:07:00,77,38665,479.4357554858422,265,4599.33338274909,225,47669.028464757,Turbulence,Unscheduled Maintenance,False,"{'engine_temperature': {'unit': 'Celsius', 'value': 1013.2361382450142}, 'cabin_pressure': {'unit': 'Pascal', 'value': 78127.77989210354}, 'vibration_level': {'unit': 'G-force', 'value': 1.1543420054927198}, 'fuel_level': {'unit': 'Gallons/Liters', 'value': 4464.0363606176215}}"
4581,DL7541,MIA,ATL,2023-06-15 17:19:00,2023-11-25 04:52:00,2023-08-31 09:19:00,2023-02-02 02:32:00,99,14806,507.9465237519886,148,1087.293587101958,177,36742.90586891656,Foggy,Grounded,False,"{'engine_temperature': {'unit': 'Celsius', 'value': 902.876289214417}, 'cabin_pressure': {'unit': 'Pascal', 'value': 82643.53386436428}, 'vibration_level': {'unit': 'G-force', 'value': 1.123743084864009}, 'fuel_level': {'unit': 'Gallons/Liters', 'value': 5524.60524900192}}"
8554,DL5729,MIA,DEN,2023-06-01 04:09:00,2023-05-07 07:23:00,2023-06-06 15:36:00,2023-01-23 09:42:00,80,12190,525.5900105545272,163,3655.158744702356,199,37146.798266902595,Icing,Scheduled Maintenance,False,"{'engine_temperature': {'unit': 'Celsius', 'value': 907.7876033375331}, 'cabin_pressure': {'unit': 'Pascal', 'value': 83371.19627830652}, 'vibration_level': {'unit': 'G-force', 'value': 1.1195262000363033}, 'fuel_level': {'unit': 'Gallons/Liters', 'value': 5126.7907014252805}}"
8280,AA8330,DEN,LAX,2023-12-12 03:56:00,2023-04-27 07:00:00,2023-07-24 04:13:00,2023-02-09 18:09:00,284,19108,534.8607612818097,139,4853.577736854202,66,24476.799633514598,Snowy,Unscheduled Maintenance,False,"{'engine_temperature': {'unit': 'Celsius', 'value': 1024.9228096229062}, 'cabin_pressure': {'unit': 'Pascal', 'value': 83644.33246868364}, 'vibration_level': {'unit': 'G-force', 'value': 1.086936506558907}, 'fuel_level': {'unit': 'Gallons/Liters', 'value': 5161.900759776358}}"
2636,DL9924,SEA,CLT,2023-11-28 13:13:00,2023-12-24 17:43:00,2023-01-04 11:56:00,2023-02-27 03:18:00,341,22178,506.4962385118852,346,3240.672733847368,118,33746.43164834154,Foggy,Unscheduled Maintenance,False,"{'engine_temperature': {'unit': 'Celsius', 'value': 1098.1358314131533}, 'cabin_pressure': {'unit': 'Pascal', 'value': 82567.30167068567}, 'vibration_level': {'unit': 'G-force', 'value': 0.9422938054511353}, 'fuel_level': {'unit': 'Gallons/Liters', 'value': 5414.7940000658555}}"
4696,DL9010,JFK,DFW,2023-08-20 01:16:00,2023-12-03 03:15:00,2023-08-20 07:17:00,2023-06-05 09:39:00,67,12875,544.2844134657464,257,4747.289848132367,157,10405.247361109736,Clear,Grounded,False,"{'engine_temperature': {'unit': 'Celsius', 'value': 977.8460943383577}, 'cabin_pressure': {'unit': 'Pascal', 'value': 77288.75462483498}, 'vibration_level': {'unit': 'G-force', 'value': 1.0968518768877593}, 'fuel_level': {'unit': 'Gallons/Liters', 'value': 5856.364196227903}}"
1698,UA5846,CLT,CLT,2023-08-03 04:22:00,2023-11-21 02:50:00,2023-03-05 12:51:00,2023-11-20 01:04:00,159,15592,428.25560985510117,268,1209.031517144095,188,35443.84185638169,Foggy,Unscheduled Maintenance,False,"{'engine_temperature': {'unit': 'Celsius', 'value': 1085.8279040030925}, 'cabin_pressure': {'unit': 'Pascal', 'value': 78419.05278105491}, 'vibration_level': {'unit': 'G-force', 'value': 1.027677466221695}, 'fuel_level': {'unit': 'Gallons/Liters', 'value': 4423.271797139722}}"
5737,AA8241,ATL,JFK,2023-04-12 02:46:00,2023-09-19 04:03:00,2023-03-28 07:23:00,2023-03-01 16:11:00,299,27824,442.3964981804477,180,2675.173276296646,143,46531.47790304947,Snowy,Scheduled Maintenance,False,"{'engine_temperature': {'unit': 'Celsius', 'value': 1099.1262218997767}, 'cabin_pressure': {'unit': 'Pascal', 'value': 84811.17907867936}, 'vibration_level': {'unit': 'G-force', 'value': 1.1495089297074474}, 'fuel_level': {'unit': 'Gallons/Liters', 'value': 5608.8281193549465}}"
1854,UA3539,JFK,DEN,2023-07-09 06:51:00,2023-08-02 09:57:00,2023-09-30 12:12:00,2023-06-13 22:20:00,146,22592,563.747000814854,159,2040.6311638482046,64,34502.93873379276,Windy,Grounded,False,"{'engine_temperature': {'unit': 'Celsius', 'value': 1043.02003225674}, 'cabin_pressure': {'unit': 'Pascal', 'value': 80931.58219039468}, 'vibration_level': {'unit': 'G-force', 'value': 0.5533479969888977}, 'fuel_level': {'unit': 'Gallons/Liters', 'value': 4909.528685105322}}"
9164,AA2542,SEA,DEN,2023-04-13 13:22:00,2023-03-18 02:51:00,2023-12-02 13:58:00,2023-08-19 22:56:00,357,18927,464.50559556928306,350,3923.283859922919,140,44947.943738653805,Rainy,Scheduled Maintenance,False,"{'engine_temperature': {'unit': 'Celsius', 'value': 1034.9572604334821}, 'cabin_pressure': {'unit': 'Pascal', 'value': 81775.31613883685}, 'vibration_level': {'unit': 'G-force', 'value': 0.8731226184223836}, 'fuel_level': {'unit': 'Gallons/Liters', 'value': 5883.383973316061}}"
6855,UA2191,JFK,ATL,2023-10-10 22:05:00,2023-03-21 11:34:00,2023-07-26 01:29:00,2023-08-01 04:09:00,73,38144,404.57876499522405,287,4925.188361988987,212,38958.922218643755,Turbulence,Unscheduled Maintenance,False,"{'engine_temperature': {'unit': 'Celsius', 'value': 933.4714064473562}, 'cabin_pressure': {'unit': 'Pascal', 'value': 80003.59446215561}, 'vibration_level': {'unit': 'G-force', 'value': 1.1908839765508228}, 'fuel_level': {'unit': 'Gallons/Liters', 'value': 5394.271611783619}}"
8392,UA7938,ORD,SEA,2023-02-01 04:36:00,2023-04-15 05:17:00,2023-11-02 13:37:00,2023-11-09 11:04:00,61,32443,430.75822993360623,287,2026.1202497769912,82,14822.33665614761,Icing,Unscheduled Maintenance,False,"{'engine_temperature': {'unit': 'Celsius', 'value': 1029.7277913537632}, 'cabin_pressure': {'unit': 'Pascal', 'value': 77752.8821345186}, 'vibration_level': {'unit': 'G-force', 'value': 0.656206568686622}, 'fuel_level': {'unit': 'Gallons/Liters', 'value': 5271.880653653421}}"
7528,UA2540,ATL,ATL,2023-02-18 22:47:00,2023-10-08 14:14:00,2023-10-20 22:52:00,2023-08-26 17:39:00,352,24437,444.7228868992622,225,3616.698405896298,174,46098.13229143367,Rainy,Scheduled Maintenance,False,"{'engine_temperature': {'unit': 'Celsius', 'value': 1019.8604232278875}, 'cabin_pressure': {'unit': 'Pascal', 'value': 76793.56010289241}, 'vibration_level': {'unit': 'G-force', 'value': 1.2051391455705633}, 'fuel_level': {'unit': 'Gallons/Liters', 'value': 4910.343983467313}}"
6249,AA6541,SEA,SEA,2023-08-05 10:16:00,2023-05-17 08:14:00,2023-11-13 21:58:00,2023-05-05 17:03:00,100,21530,591.4645775789174,10,1792.3905310389605,65,12657.753774230996,Foggy,Operational,False,"{'engine_temperature': {'unit': 'Celsius', 'value': 1033.5521183206306}, 'cabin_pressure': {'unit': 'Pascal', 'value': 83373.6707977015}, 'vibration_level': {'unit': 'G-force', 'value': 0.6697284285769232}, 'fuel_level': {'unit': 'Gallons/Liters', 'value': 4038.2897359936733}}"
6172,DL2365,DEN,SEA,2023-06-24 19:52:00,2023-06-11 14:41:00,2023-07-13 14:33:00,2023-06-29 08:22:00,170,17010,514.6082857861699,9,3261.3210182864395,211,31358.69890191055,Cloudy,Unscheduled Maintenance,False,"{'engine_temperature': {'unit': 'Celsius', 'value': 1055.8205172791572}, 'cabin_pressure': {'unit': 'Pascal', 'value': 81096.97425152616}, 'vibration_level': {'unit': 'G-force', 'value': 1.1996395696221218}, 'fuel_level': {'unit': 'Gallons/Liters', 'value': 5676.309949977285}}"
2707,AA9702,CLT,DFW,2023-03-23 06:31:00,2023-02-27 17:28:00,2023-06-06 20:16:00,2023-02-21 04:13:00,73,21207,586.5461480952509,270,2855.729946753345,115,15685.484951738306,Rainy,Operational,False,"{'engine_temperature': {'unit': 'Celsius', 'value': 1060.5621869649}, 'cabin_pressure': {'unit': 'Pascal', 'value': 84609.20146928825}, 'vibration_level': {'unit': 'G-force', 'value': 1.0359350788521182}, 'fuel_level': {'unit': 'Gallons/Liters', 'value': 4976.991265319811}}"
6791,DL5312,SFO,ATL,2023-07-25 12:01:00,2023-07-19 03:30:00,2023-08-26 12:17:00,2023-01-30 08:09:00,290,33501,515.032670099325,272,4888.021318526148,217,10468.264429236162,Windy,Unscheduled Maintenance,False,"{'engine_temperature': {'unit': 'Celsius', 'value': 980.377439978146}, 'cabin_pressure': {'unit': 'Pascal', 'value': 76536.91042844205}, 'vibration_level': {'unit': 'G-force', 'value': 1.0726072328820224}, 'fuel_level': {'unit': 'Gallons/Liters', 'value': 4554.025048651958}}"
6535,AA4141,SEA,LAX,2023-04-18 12:08:00,2023-02-17 06:39:00,2023-01-18 12:42:00,2023-05-14 15:15:00,143,37465,495.87088802757035,182,3434.109090785866,205,26881.37040510556,Foggy,Operational,True,"{'engine_temperature': {'unit': 'Celsius', 'value': 1084.261502442595}, 'cabin_pressure': {'unit': 'Pascal', 'value': 80831.90804277097}, 'vibration_level': {'unit': 'G-force', 'value': 1.09284018050811}, 'fuel_level': {'unit': 'Gallons/Liters', 'value': 4709.84932175402}}"
5931,DL2810,LAX,ORD,2023-04-15 03:16:00,2023-09-02 19:35:00,2023-09-25 18:22:00,2023-01-10 09:41:00,189,35537,462.7455382388192,152,2398.0254883472753,96,21801.628306166247,Turbulence,Operational,False,"{'engine_temperature': {'unit': 'Celsius', 'value': 910.3978703955415}, 'cabin_pressure': {'unit': 'Pascal', 'value': 75317.43765372988}, 'vibration_level': {'unit': 'G-force', 'value': 0.9233351441531975}, 'fuel_level': {'unit': 'Gallons/Liters', 'value': 4169.130756194476}}"
4510,AA3923,CLT,ORD,2023-03-27 02:17:00,2023-06-02 03:00:00,2023-02-18 09:18:00,2023-09-03 10:04:00,290,12989,521.2741888866751,314,1456.3831395517336,216,29440.01975190412,Snowy,Operational,False,"{'engine_temperature': {'unit': 'Celsius', 'value': 1021.3693911080278}, 'cabin_pressure': {'unit': 'Pascal', 'value': 83809.73005639657}, 'vibration_level': {'unit': 'G-force', 'value': 1.3829148165187222}, 'fuel_level': {'unit': 'Gallons/Liters', 'value': 5318.090820264465}}"
1202,UA5186,SEA,ATL,2023-11-23 00:37:00,2023-02-04 11:06:00,2023-05-12 00:07:00,2023-12-05 05:03:00,204,22040,427.839604923506,333,1604.987314939738,247,33087.99546938203,Windy,Scheduled Maintenance,False,"{'engine_temperature': {'unit': 'Celsius', 'value': 942.2463662945862}, 'cabin_pressure': {'unit': 'Pascal', 'value': 83629.96831358872}, 'vibration_level': {'unit': 'G-force', 'value': 1.3860934353132082}, 'fuel_level': {'unit': 'Gallons/Liters', 'value': 4393.307169905917}}"
5218,UA6977,ORD,ATL,2023-12-10 11:37:00,2023-10-10 03:20:00,2023-10-20 03:52:00,2023-08-03 01:37:00,87,19218,579.6523254585412,123,1901.2677198049405,197,11749.562892357895,Foggy,Operational,False,"{'engine_temperature': {'unit': 'Celsius', 'value': 1047.4852171541354}, 'cabin_pressure': {'unit': 'Pascal', 'value': 77865.19548927122}, 'vibration_level': {'unit': 'G-force', 'value': 1.3026403123529295}, 'fuel_level': {'unit': 'Gallons/Liters', 'value': 5994.4757998072055}}"
9958,DL5268,SFO,CLT,2023-07-19 23:12:00,2023-09-28 16:39:00,2023-06-25 04:23:00,2023-02-01 08:57:00,125,32612,565.8664810282568,113,2003.866645361192,173,14920.131804949826,Windy,Operational,False,"{'engine_temperature': {'unit': 'Celsius', 'value': 906.0052010658785}, 'cabin_pressure': {'unit': 'Pascal', 'value': 83973.65865790931}, 'vibration_level': {'unit': 'G-force', 'value': 1.1226305335986582}, 'fuel_level': {'unit': 'Gallons/Liters', 'value': 5946.765238329643}}"
5389,AA5849,ORD,DFW,2023-01-23 17:03:00,2023-02-08 03:55:00,2023-05-16 05:28:00,2023-10-29 23:11:00,222,38441,463.5062895753474,277,4402.464231364551,50,32345.695858017014,Rainy,Operational,False,"{'engine_temperature': {'unit': 'Celsius', 'value': 993.0019035052856}, 'cabin_pressure': {'unit': 'Pascal', 'value': 83473.87930571374}, 'vibration_level': {'unit': 'G-force', 'value': 0.5623940685982772}, 'fuel_level': {'unit': 'Gallons/Liters', 'value': 4670.5581001565915}}"
3327,UA7619,SFO,ATL,2023-04-03 10:14:00,2023-05-22 02:24:00,2023-03-21 05:43:00,2023-05-12 14:19:00,288,16471,590.5595055202589,212,3244.8911531300996,249,23726.69412690633,Turbulence,Unscheduled Maintenance,False,"{'engine_temperature': {'unit': 'Celsius', 'value': 913.403307550242}, 'cabin_pressure': {'unit': 'Pascal', 'value': 84753.4313347907}, 'vibration_level': {'unit': 'G-force', 'value': 1.3169739072718367}, 'fuel_level': {'unit': 'Gallons/Liters', 'value': 5705.094842491941}}"
9004,AA4072,LAX,CLT,2023-01-08 01:47:00,2023-09-08 19:52:00,2023-04-11 10:15:00,2023-06-28 06:58:00,320,12863,565.0401534831136,171,3093.5636454974656,136,39166.93950197792,Snowy,Operational,False,"{'engine_temperature': {'unit': 'Celsius', 'value': 1087.5930462867789}, 'cabin_pressure': {'unit': 'Pascal', 'value': 75851.03486119786}, 'vibration_level': {'unit': 'G-force', 'value': 0.8855975925133334}, 'fuel_level': {'unit': 'Gallons/Liters', 'value': 4142.069778088005}}"
3931,DL1504,CLT,SEA,2023-07-23 01:52:00,2023-10-14 05:58:00,2023-05-01 08:13:00,2023-10-13 16:30:00,223,20693,533.2613771670079,287,1459.07548747687,177,36091.66594367759,Foggy,Unscheduled Maintenance,False,"{'engine_temperature': {'unit': 'Celsius', 'value': 942.1586203100057}, 'cabin_pressure': {'unit': 'Pascal', 'value': 77293.65777037673}, 'vibration_level': {'unit': 'G-force', 'value': 0.9691072110475787}, 'fuel_level': {'unit': 'Gallons/Liters', 'value': 4537.124334907285}}"
8777,DL2531,DEN,DEN,2023-07-02 19:30:00,2023-01-29 19:52:00,2023-10-07 05:22:00,2023-10-06 18:55:00,346,36523,424.35238222505495,173,4440.55877339774,240,43824.17451959627,Clear,Operational,False,"{'engine_temperature': {'unit': 'Celsius', 'value': 920.1956213635522}, 'cabin_pressure': {'unit': 'Pascal', 'value': 76674.91089094107}, 'vibration_level': {'unit': 'G-force', 'value': 0.6472755635520909}, 'fuel_level': {'unit': 'Gallons/Liters', 'value': 5946.153595824597}}"
1197,AA8576,ORD,DEN,2023-10-11 21:17:00,2023-10-09 11:29:00,2023-01-22 04:13:00,2023-11-04 07:41:00,69,11177,495.64680460961443,112,3891.257212833935,116,37699.71306676901,Icing,Operational,False,"{'engine_temperature': {'unit': 'Celsius', 'value': 1051.8585013836946}, 'cabin_pressure': {'unit': 'Pascal', 'value': 84677.61465269561}, 'vibration_level': {'unit': 'G-force', 'value': 0.9397404865079085}, 'fuel_level': {'unit': 'Gallons/Liters', 'value': 4556.736963325313}}"
8125,AA6029,ORD,SEA,2023-02-19 02:09:00,2023-11-02 01:35:00,2023-12-05 14:15:00,2023-03-16 12:54:00,254,14760,501.22151096935016,121,1270.6734476000063,53,27197.243095605925,Snowy,Scheduled Maintenance,False,"{'engine_temperature': {'unit': 'Celsius', 'value': 1059.6586394418373}, 'cabin_pressure': {'unit': 'Pascal', 'value': 78262.53918041146}, 'vibration_level': {'unit': 'G-force', 'value': 0.7993833737053483}, 'fuel_level': {'unit': 'Gallons/Liters', 'value': 4465.0119844156625}}"
2930,AA1133,MIA,SFO,2023-09-15 23:13:00,2023-04-04 03:21:00,2023-02-05 04:49:00,2023-04-11 09:29:00,177,10011,446.51027167307603,31,3831.3403889190745,235,36918.6648957773,Clear,Unscheduled Maintenance,False,"{'engine_temperature': {'unit': 'Celsius', 'value': 925.9357956448471}, 'cabin_pressure': {'unit': 'Pascal', 'value': 77564.63061016766}, 'vibration_level': {'unit': 'G-force', 'value': 0.8553197484738877}, 'fuel_level': {'unit': 'Gallons/Liters', 'value': 5347.98841629146}}"
7287,UA4627,SFO,CLT,2023-01-22 06:57:00,2023-03-02 19:30:00,2023-07-26 05:05:00,2023-07-19 07:43:00,329,31636,415.9930788718604,221,3174.152869370584,202,21015.246970216744,Windy,Operational,False,"{'engine_temperature': {'unit': 'Celsius', 'value': 912.5129684438903}, 'cabin_pressure': {'unit': 'Pascal', 'value': 77105.06939665343}, 'vibration_level': {'unit': 'G-force', 'value': 1.3090236402916764}, 'fuel_level': {'unit': 'Gallons/Liters', 'value': 4293.843847167542}}"
9800,AA7316,DFW,CLT,2023-03-18 00:54:00,2023-05-06 22:25:00,2023-09-29 08:08:00,2023-07-31 13:39:00,139,26353,555.3447260943385,118,1326.901382987113,96,22252.539951128507,Cloudy,Unscheduled Maintenance,True,"{'engine_temperature': {'unit': 'Celsius', 'value': 968.5290293045043}, 'cabin_pressure': {'unit': 'Pascal', 'value': 83646.5892185814}, 'vibration_level': {'unit': 'G-force', 'value': 0.6549253111434427}, 'fuel_level': {'unit': 'Gallons/Liters', 'value': 4165.47367123638}}"
5282,AA5910,CLT,SEA,2023-08-25 16:24:00,2023-09-24 02:46:00,2023-12-05 14:01:00,2023-12-24 19:17:00,152,30783,424.407010424879,38,2833.202566114626,87,41559.406396831735,Snowy,Unscheduled Maintenance,False,"{'engine_temperature': {'unit': 'Celsius', 'value': 996.9075990160022}, 'cabin_pressure': {'unit': 'Pascal', 'value': 78024.19511278537}, 'vibration_level': {'unit': 'G-force', 'value': 1.0634083644838541}, 'fuel_level': {'unit': 'Gallons/Liters', 'value': 5607.60978096695}}"
3511,AA5175,SFO,LAX,2023-08-06 15:17:00,2023-08-26 10:40:00,2023-06-15 16:35:00,2023-02-10 08:31:00,325,21556,518.8581501123549,267,2938.785148520188,192,27856.780656063285,Windy,Grounded,False,"{'engine_temperature': {'unit': 'Celsius', 'value': 927.4296976305486}, 'cabin_pressure': {'unit': 'Pascal', 'value': 80806.99084554285}, 'vibration_level': {'unit': 'G-force', 'value': 1.0055087603898638}, 'fuel_level': {'unit': 'Gallons/Liters', 'value': 4288.157572026399}}"
1659,UA6348,MIA,MIA,2023-06-03 20:08:00,2023-08-08 16:10:00,2023-05-02 10:54:00,2023-06-23 13:09:00,316,37598,587.289834776732,232,1663.0981606531032,240,41935.213620734095,Clear,Scheduled Maintenance,False,"{'engine_temperature': {'unit': 'Celsius', 'value': 1024.7996971057964}, 'cabin_pressure': {'unit': 'Pascal', 'value': 77736.40417860771}, 'vibration_level': {'unit': 'G-force', 'value': 0.9878343185440125}, 'fuel_level': {'unit': 'Gallons/Liters', 'value': 4164.544648554123}}"
3811,DL7190,JFK,JFK,2023-10-05 20:24:00,2023-09-28 16:54:00,2023-10-10 21:07:00,2023-10-29 22:14:00,192,21563,575.2210385196086,17,4782.79258800113,70,42896.89494673114,Rainy,Scheduled Maintenance,True,"{'engine_temperature': {'unit': 'Celsius', 'value': 991.9168114427246}, 'cabin_pressure': {'unit': 'Pascal', 'value': 78064.63468042821}, 'vibration_level': {'unit': 'G-force', 'value': 1.3223812111853543}, 'fuel_level': {'unit': 'Gallons/Liters', 'value': 4113.957453994736}}"
8098,AA4376,SFO,SEA,2023-03-28 21:22:00,2023-07-19 13:15:00,2023-10-13 19:53:00,2023-11-11 22:06:00,335,24051,455.55052474985223,148,4399.901485922648,106,44302.49350645135,Rainy,Scheduled Maintenance,False,"{'engine_temperature': {'unit': 'Celsius', 'value': 983.721454983666}, 'cabin_pressure': {'unit': 'Pascal', 'value': 79584.31424131438}, 'vibration_level': {'unit': 'G-force', 'value': 1.2250060762991186}, 'fuel_level': {'unit': 'Gallons/Liters', 'value': 5148.5751501804225}}"
7546,UA4486,DEN,ATL,2023-03-13 18:51:00,2023-09-02 21:19:00,2023-09-09 21:54:00,2023-02-13 02:09:00,323,21022,570.2897275102531,148,3676.089349316433,166,46665.409433648296,Cloudy,Grounded,False,"{'engine_temperature': {'unit': 'Celsius', 'value': 1033.4424674388363}, 'cabin_pressure': {'unit': 'Pascal', 'value': 82770.49285651757}, 'vibration_level': {'unit': 'G-force', 'value': 1.3622029736581887}, 'fuel_level': {'unit': 'Gallons/Liters', 'value': 4627.750993444941}}"
2986,AA9053,CLT,ATL,2023-09-02 09:41:00,2023-09-09 00:51:00,2023-10-10 13:24:00,2023-10-03 22:40:00,230,18234,400.06650122409786,125,2849.182244002429,230,27239.40882053185,Icing,Grounded,False,"{'engine_temperature': {'unit': 'Celsius', 'value': 1007.6045410727806}, 'cabin_pressure': {'unit': 'Pascal', 'value': 83401.080784392}, 'vibration_level': {'unit': 'G-force', 'value': 1.4894511309650564}, 'fuel_level': {'unit': 'Gallons/Liters', 'value': 5779.038622087526}}"
9338,DL3703,MIA,DFW,2023-04-25 08:41:00,2023-10-28 05:54:00,2023-10-12 13:30:00,2023-04-25 07:00:00,60,35519,403.53756192265143,301,2647.0621663380343,95,22754.672732845553,Snowy,Scheduled Maintenance,False,"{'engine_temperature': {'unit': 'Celsius', 'value': 974.2934525248754}, 'cabin_pressure': {'unit': 'Pascal', 'value': 76951.6651721865}, 'vibration_level': {'unit': 'G-force', 'value': 0.9893925374065887}, 'fuel_level': {'unit': 'Gallons/Liters', 'value': 5483.282903672085}}"
3911,DL9120,JFK,SEA,2023-02-10 19:39:00,2023-05-03 06:14:00,2023-06-29 17:03:00,2023-05-11 06:15:00,123,36966,520.510632768573,359,3603.893868603817,191,33287.94986376456,Snowy,Grounded,False,"{'engine_temperature': {'unit': 'Celsius', 'value': 998.5138141506595}, 'cabin_pressure': {'unit': 'Pascal', 'value': 79831.80863313668}, 'vibration_level': {'unit': 'G-force', 'value': 1.3382304210818006}, 'fuel_level': {'unit': 'Gallons/Liters', 'value': 4722.807558134373}}"
2734,DL2353,ATL,DFW,2023-04-12 17:49:00,2023-10-10 02:47:00,2023-12-15 02:13:00,2023-01-03 14:25:00,343,31829,472.9596438289059,237,3181.7274776276217,194,24846.896937505102,Snowy,Grounded,False,"{'engine_temperature': {'unit': 'Celsius', 'value': 1071.958934962329}, 'cabin_pressure': {'unit': 'Pascal', 'value': 79068.04800951724}, 'vibration_level': {'unit': 'G-force', 'value': 0.8282331056783394}, 'fuel_level': {'unit': 'Gallons/Liters', 'value': 4907.9798223993985}}"
